,index,name,y_coord,x_midpoint,orig_length,masked_length,p10_masked
0,0,scan_h_1_seg_1,-0.9359999999999999,0.04590161160703415,0.05,0.05,0.0
1,1,scan_h_1_seg_2,-0.9359999999999999,0.09590161160703414,0.05,0.05,0.0
2,2,scan_h_1_seg_3,-0.9359999999999999,0.14590161160703416,0.05000000000000003,0.05000000000000003,0.0
3,3,scan_h_1_seg_4,-0.9359999999999999,0.19590161160703418,0.04999999999999999,0.04999999999999999,0.0
4,4,scan_h_1_seg_5,-0.9359999999999999,0.24590161160703417,0.04999999999999996,0.04999999999999996,0.0
5,5,scan_h_1_seg_6,-0.9359999999999999,0.29590161160703415,0.050000000000000044,0.050000000000000044,0.0
6,6,scan_h_1_seg_7,-0.9359999999999999,0.34590161160703414,0.04999999999999999,0.04999999999999999,0.0
7,7,scan_h_1_seg_8,-0.9359999999999999,0.3959016116070342,0.04999999999999999,0.04999999999999999,20.000000000000004
8,8,scan_h_1_seg_9,-0.9359999999999999,0.4459016116070341,0.04999999999999999,0.04999999999999999,0.0
9,9,scan_h_1_seg_10,-0.9359999999999999,0.49590161160703417,0.050000000000000044,0.050000000000000044,0.0
10,10,scan_h_1_seg_11,-0.9359999999999999,0.5459016116070342,0.050000000000000044,0.050000000000000044,0.0
11,11,scan_h_1_seg_12,-0.9359999999999999,0.5959016116070343,0.050000000000000044,0.050000000000000044,0.0
12,12,scan_h_1_seg_13,-0.9359999999999999,0.6459016116070342,0.04999999999999993,0.04999999999999993,0.0
13,13,scan_h_1_seg_14,-0.9359999999999999,0.6959016116070342,0.050000000000000044,0.050000000000000044,0.0
14,14,scan_h_1_seg_15,-0.9359999999999999,0.7459016116070343,0.04999999999999993,0.04999999999999993,0.0
15,15,scan_h_1_seg_16,-0.9359999999999999,0.7959016116070342,0.050000000000000044,0.050000000000000044,0.0
16,16,scan_h_1_seg_17,-0.9359999999999999,0.8459016116070343,0.050000000000000044,0.050000000000000044,0.0
17,17,scan_h_1_seg_18,-0.9359999999999999,0.8959016116070342,0.04999999999999993,0.04999999999999993,0.0
18,18,scan_h_1_seg_19,-0.9359999999999999,0.9459016116070342,0.050000000000000044,0.050000000000000044,0.0
19,0,scan_h_2_seg_1,-0.8859999999999999,0.04590161160703415,0.05,0.05,0.0
20,1,scan_h_2_seg_2,-0.8859999999999999,0.09590161160703414,0.05,0.05,0.0
21,2,scan_h_2_seg_3,-0.8859999999999999,0.14590161160703416,0.05000000000000003,0.05000000000000003,0.0
22,3,scan_h_2_seg_4,-0.8859999999999999,0.19590161160703418,0.04999999999999999,0.04999999999999999,0.0
23,4,scan_h_2_seg_5,-0.8859999999999999,0.24590161160703417,0.04999999999999996,0.04999999999999996,0.0
24,5,scan_h_2_seg_6,-0.8859999999999999,0.29590161160703415,0.050000000000000044,0.050000000000000044,0.0
25,6,scan_h_2_seg_7,-0.8859999999999999,0.34590161160703414,0.04999999999999999,0.04999999999999999,0.0
26,7,scan_h_2_seg_8,-0.8859999999999999,0.3959016116070342,0.04999999999999999,0.04999999999999999,0.0
27,8,scan_h_2_seg_9,-0.8859999999999999,0.4459016116070341,0.04999999999999999,0.04999999999999999,0.0
28,9,scan_h_2_seg_10,-0.8859999999999999,0.49590161160703417,0.050000000000000044,0.050000000000000044,0.0
29,10,scan_h_2_seg_11,-0.8859999999999999,0.5459016116070342,0.050000000000000044,0.050000000000000044,0.0
30,11,scan_h_2_seg_12,-0.8859999999999999,0.5959016116070343,0.050000000000000044,0.050000000000000044,0.0
31,12,scan_h_2_seg_13,-0.8859999999999999,0.6459016116070342,0.04999999999999993,0.04999999999999993,0.0
32,13,scan_h_2_seg_14,-0.8859999999999999,0.6959016116070342,0.050000000000000044,0.050000000000000044,0.0
33,14,scan_h_2_seg_15,-0.8859999999999999,0.7459016116070343,0.04999999999999993,0.04999999999999993,0.0
34,15,scan_h_2_seg_16,-0.8859999999999999,0.7959016116070342,0.050000000000000044,0.050000000000000044,0.0
35,16,scan_h_2_seg_17,-0.8859999999999999,0.8459016116070343,0.050000000000000044,0.050000000000000044,0.0
36,17,scan_h_2_seg_18,-0.8859999999999999,0.8959016116070342,0.04999999999999993,0.04999999999999993,0.0
37,18,scan_h_2_seg_19,-0.8859999999999999,0.9459016116070342,0.050000000000000044,0.050000000000000044,0.0
38,0,scan_h_3_seg_1,-0.8359999999999999,0.04590161160703415,0.05,0.05,0.0
39,1,scan_h_3_seg_2,-0.8359999999999999,0.09590161160703414,0.05,0.05,0.0
40,2,scan_h_3_seg_3,-0.8359999999999999,0.14590161160703416,0.05000000000000003,0.05000000000000003,0.0
41,3,scan_h_3_seg_4,-0.8359999999999999,0.19590161160703418,0.04999999999999999,0.04999999999999999,0.0
42,4,scan_h_3_seg_5,-0.8359999999999999,0.24590161160703417,0.04999999999999996,0.04999999999999996,0.0
43,5,scan_h_3_seg_6,-0.8359999999999999,0.29590161160703415,0.050000000000000044,0.050000000000000044,0.0
44,6,scan_h_3_seg_7,-0.8359999999999999,0.34590161160703414,0.04999999999999999,0.04999999999999999,0.0
45,7,scan_h_3_seg_8,-0.8359999999999999,0.3959016116070342,0.04999999999999999,0.04999999999999999,0.0
46,8,scan_h_3_seg_9,-0.8359999999999999,0.4459016116070341,0.04999999999999999,0.04999999999999999,20.000000000000004
47,9,scan_h_3_seg_10,-0.8359999999999999,0.49590161160703417,0.050000000000000044,0.050000000000000044,0.0
48,10,scan_h_3_seg_11,-0.8359999999999999,0.5459016116070342,0.050000000000000044,0.050000000000000044,59.99999999999995
49,11,scan_h_3_seg_12,-0.8359999999999999,0.5959016116070343,0.050000000000000044,0.050000000000000044,19.999999999999982
50,12,scan_h_3_seg_13,-0.8359999999999999,0.6459016116070342,0.04999999999999993,0.04999999999999993,0.0
51,13,scan_h_3_seg_14,-0.8359999999999999,0.6959016116070342,0.050000000000000044,0.050000000000000044,0.0
52,14,scan_h_3_seg_15,-0.8359999999999999,0.7459016116070343,0.04999999999999993,0.04999999999999993,0.0
53,15,scan_h_3_seg_16,-0.8359999999999999,0.7959016116070342,0.050000000000000044,0.050000000000000044,0.0
54,16,scan_h_3_seg_17,-0.8359999999999999,0.8459016116070343,0.050000000000000044,0.050000000000000044,0.0
55,17,scan_h_3_seg_18,-0.8359999999999999,0.8959016116070342,0.04999999999999993,0.04999999999999993,0.0
56,18,scan_h_3_seg_19,-0.8359999999999999,0.9459016116070342,0.050000000000000044,0.050000000000000044,0.0
57,0,scan_h_4_seg_1,-0.7859999999999998,0.04590161160703415,0.05,0.0495842456122121,0.0
58,1,scan_h_4_seg_2,-0.7859999999999998,0.09590161160703414,0.05,0.05,0.0
59,2,scan_h_4_seg_3,-0.7859999999999998,0.14590161160703416,0.05000000000000003,0.05000000000000003,19.99999999999999
60,3,scan_h_4_seg_4,-0.7859999999999998,0.19590161160703418,0.04999999999999999,0.04999999999999999,0.0
61,4,scan_h_4_seg_5,-0.7859999999999998,0.24590161160703417,0.04999999999999996,0.04999999999999996,0.0
62,5,scan_h_4_seg_6,-0.7859999999999998,0.29590161160703415,0.050000000000000044,0.050000000000000044,0.0
63,6,scan_h_4_seg_7,-0.7859999999999998,0.34590161160703414,0.04999999999999999,0.04999999999999999,0.0
64,7,scan_h_4_seg_8,-0.7859999999999998,0.3959016116070342,0.04999999999999999,0.04999999999999999,0.0
65,8,scan_h_4_seg_9,-0.7859999999999998,0.4459016116070341,0.04999999999999999,0.04999999999999999,0.0
66,9,scan_h_4_seg_10,-0.7859999999999998,0.49590161160703417,0.050000000000000044,0.050000000000000044,0.0
67,10,scan_h_4_seg_11,-0.7859999999999998,0.5459016116070342,0.050000000000000044,0.050000000000000044,0.0
68,11,scan_h_4_seg_12,-0.7859999999999998,0.5959016116070343,0.050000000000000044,0.050000000000000044,0.0
69,12,scan_h_4_seg_13,-0.7859999999999998,0.6459016116070342,0.04999999999999993,0.04999999999999993,0.0
70,13,scan_h_4_seg_14,-0.7859999999999998,0.6959016116070342,0.050000000000000044,0.050000000000000044,19.999999999999982
71,14,scan_h_4_seg_15,-0.7859999999999998,0.7459016116070343,0.04999999999999993,0.04999999999999993,0.0
72,15,scan_h_4_seg_16,-0.7859999999999998,0.7959016116070342,0.050000000000000044,0.050000000000000044,0.0
73,16,scan_h_4_seg_17,-0.7859999999999998,0.8459016116070343,0.050000000000000044,0.050000000000000044,0.0
74,17,scan_h_4_seg_18,-0.7859999999999998,0.8959016116070342,0.04999999999999993,0.04999999999999993,0.0
75,18,scan_h_4_seg_19,-0.7859999999999998,0.9459016116070342,0.050000000000000044,0.050000000000000044,0.0
76,0,scan_h_5_seg_1,-0.7359999999999998,0.04590161160703415,0.05,0.049124122912825585,0.0
77,1,scan_h_5_seg_2,-0.7359999999999998,0.09590161160703414,0.05,0.05,0.0
78,2,scan_h_5_seg_3,-0.7359999999999998,0.14590161160703416,0.05000000000000003,0.05000000000000003,0.0
79,3,scan_h_5_seg_4,-0.7359999999999998,0.19590161160703418,0.04999999999999999,0.04999999999999999,0.0
80,4,scan_h_5_seg_5,-0.7359999999999998,0.24590161160703417,0.04999999999999996,0.04999999999999996,60.00000000000005
81,5,scan_h_5_seg_6,-0.7359999999999998,0.29590161160703415,0.050000000000000044,0.050000000000000044,0.0
82,6,scan_h_5_seg_7,-0.7359999999999998,0.34590161160703414,0.04999999999999999,0.04999999999999999,100.00000000000003
83,7,scan_h_5_seg_8,-0.7359999999999998,0.3959016116070342,0.04999999999999999,0.04999999999999999,0.0
84,8,scan_h_5_seg_9,-0.7359999999999998,0.4459016116070341,0.04999999999999999,0.04999999999999999,0.0
85,9,scan_h_5_seg_10,-0.7359999999999998,0.49590161160703417,0.050000000000000044,0.050000000000000044,0.0
86,10,scan_h_5_seg_11,-0.7359999999999998,0.5459016116070342,0.050000000000000044,0.050000000000000044,0.0
87,11,scan_h_5_seg_12,-0.7359999999999998,0.5959016116070343,0.050000000000000044,0.050000000000000044,0.0
88,12,scan_h_5_seg_13,-0.7359999999999998,0.6459016116070342,0.04999999999999993,0.04999999999999993,0.0
89,13,scan_h_5_seg_14,-0.7359999999999998,0.6959016116070342,0.050000000000000044,0.050000000000000044,0.0
90,14,scan_h_5_seg_15,-0.7359999999999998,0.7459016116070343,0.04999999999999993,0.04999999999999993,0.0
91,15,scan_h_5_seg_16,-0.7359999999999998,0.7959016116070342,0.050000000000000044,0.050000000000000044,0.0
92,16,scan_h_5_seg_17,-0.7359999999999998,0.8459016116070343,0.050000000000000044,0.050000000000000044,0.0
93,17,scan_h_5_seg_18,-0.7359999999999998,0.8959016116070342,0.04999999999999993,0.04999999999999993,0.0
94,18,scan_h_5_seg_19,-0.7359999999999998,0.9459016116070342,0.050000000000000044,0.050000000000000044,0.0
95,0,scan_h_6_seg_1,-0.6859999999999997,0.04590161160703415,0.05,0.048664000213439085,0.0
96,1,scan_h_6_seg_2,-0.6859999999999997,0.09590161160703414,0.05,0.05,0.0
97,2,scan_h_6_seg_3,-0.6859999999999997,0.14590161160703416,0.05000000000000003,0.05000000000000003,0.0
98,3,scan_h_6_seg_4,-0.6859999999999997,0.19590161160703418,0.04999999999999999,0.04999999999999999,0.0
99,4,scan_h_6_seg_5,-0.6859999999999997,0.24590161160703417,0.04999999999999996,0.04999999999999996,0.0
100,5,scan_h_6_seg_6,-0.6859999999999997,0.29590161160703415,0.050000000000000044,0.050000000000000044,0.0
101,6,scan_h_6_seg_7,-0.6859999999999997,0.34590161160703414,0.04999999999999999,0.04999999999999999,0.0
102,7,scan_h_6_seg_8,-0.6859999999999997,0.3959016116070342,0.04999999999999999,0.04999999999999999,60.000000000000014
103,8,scan_h_6_seg_9,-0.6859999999999997,0.4459016116070341,0.04999999999999999,0.04999999999999999,0.0
104,9,scan_h_6_seg_10,-0.6859999999999997,0.49590161160703417,0.050000000000000044,0.050000000000000044,39.999999999999964
105,10,scan_h_6_seg_11,-0.6859999999999997,0.5459016116070342,0.050000000000000044,0.050000000000000044,0.0
106,11,scan_h_6_seg_12,-0.6859999999999997,0.5959016116070343,0.050000000000000044,0.050000000000000044,0.0
107,12,scan_h_6_seg_13,-0.6859999999999997,0.6459016116070342,0.04999999999999993,0.04999999999999993,20.00000000000003
108,13,scan_h_6_seg_14,-0.6859999999999997,0.6959016116070342,0.050000000000000044,0.050000000000000044,39.999999999999964
109,14,scan_h_6_seg_15,-0.6859999999999997,0.7459016116070343,0.04999999999999993,0.04999999999999993,0.0
110,15,scan_h_6_seg_16,-0.6859999999999997,0.7959016116070342,0.050000000000000044,0.050000000000000044,0.0
111,16,scan_h_6_seg_17,-0.6859999999999997,0.8459016116070343,0.050000000000000044,0.050000000000000044,0.0
112,17,scan_h_6_seg_18,-0.6859999999999997,0.8959016116070342,0.04999999999999993,0.04999999999999993,0.0
113,18,scan_h_6_seg_19,-0.6859999999999997,0.9459016116070342,0.050000000000000044,0.050000000000000044,0.0
114,0,scan_h_7_seg_1,-0.6359999999999997,0.04590161160703415,0.05,0.04820387751405257,0.0
115,1,scan_h_7_seg_2,-0.6359999999999997,0.09590161160703414,0.05,0.05,0.0
116,2,scan_h_7_seg_3,-0.6359999999999997,0.14590161160703416,0.05000000000000003,0.05000000000000003,0.0
117,3,scan_h_7_seg_4,-0.6359999999999997,0.19590161160703418,0.04999999999999999,0.04999999999999999,0.0
118,4,scan_h_7_seg_5,-0.6359999999999997,0.24590161160703417,0.04999999999999996,0.04999999999999996,0.0
119,5,scan_h_7_seg_6,-0.6359999999999997,0.29590161160703415,0.050000000000000044,0.050000000000000044,0.0
120,6,scan_h_7_seg_7,-0.6359999999999997,0.34590161160703414,0.04999999999999999,0.04999999999999999,20.000000000000004
121,7,scan_h_7_seg_8,-0.6359999999999997,0.3959016116070342,0.04999999999999999,0.04999999999999999,0.0
122,8,scan_h_7_seg_9,-0.6359999999999997,0.4459016116070341,0.04999999999999999,0.04999999999999999,0.0
123,9,scan_h_7_seg_10,-0.6359999999999997,0.49590161160703417,0.050000000000000044,0.050000000000000044,0.0
124,10,scan_h_7_seg_11,-0.6359999999999997,0.5459016116070342,0.050000000000000044,0.050000000000000044,0.0
125,11,scan_h_7_seg_12,-0.6359999999999997,0.5959016116070343,0.050000000000000044,0.050000000000000044,0.0
126,12,scan_h_7_seg_13,-0.6359999999999997,0.6459016116070342,0.04999999999999993,0.04999999999999993,0.0
127,13,scan_h_7_seg_14,-0.6359999999999997,0.6959016116070342,0.050000000000000044,0.050000000000000044,0.0
128,14,scan_h_7_seg_15,-0.6359999999999997,0.7459016116070343,0.04999999999999993,0.04999999999999993,0.0
129,15,scan_h_7_seg_16,-0.6359999999999997,0.7959016116070342,0.050000000000000044,0.050000000000000044,0.0
130,16,scan_h_7_seg_17,-0.6359999999999997,0.8459016116070343,0.050000000000000044,0.050000000000000044,0.0
131,17,scan_h_7_seg_18,-0.6359999999999997,0.8959016116070342,0.04999999999999993,0.04999999999999993,0.0
132,18,scan_h_7_seg_19,-0.6359999999999997,0.9459016116070342,0.050000000000000044,0.050000000000000044,0.0
133,0,scan_h_8_seg_1,-0.5859999999999996,0.04590161160703415,0.05,0.04774375481466607,0.0
134,1,scan_h_8_seg_2,-0.5859999999999996,0.09590161160703414,0.05,0.05,0.0
135,2,scan_h_8_seg_3,-0.5859999999999996,0.14590161160703416,0.05000000000000003,0.05000000000000003,0.0
136,3,scan_h_8_seg_4,-0.5859999999999996,0.19590161160703418,0.04999999999999999,0.04999999999999999,0.0
137,4,scan_h_8_seg_5,-0.5859999999999996,0.24590161160703417,0.04999999999999996,0.04999999999999996,0.0
138,5,scan_h_8_seg_6,-0.5859999999999996,0.29590161160703415,0.050000000000000044,0.050000000000000044,0.0
139,6,scan_h_8_seg_7,-0.5859999999999996,0.34590161160703414,0.04999999999999999,0.04999999999999999,0.0
140,7,scan_h_8_seg_8,-0.5859999999999996,0.3959016116070342,0.04999999999999999,0.04999999999999999,80.00000000000001
141,8,scan_h_8_seg_9,-0.5859999999999996,0.4459016116070341,0.04999999999999999,0.04999999999999999,0.0
142,9,scan_h_8_seg_10,-0.5859999999999996,0.49590161160703417,0.050000000000000044,0.050000000000000044,0.0
143,10,scan_h_8_seg_11,-0.5859999999999996,0.5459016116070342,0.050000000000000044,0.050000000000000044,0.0
144,11,scan_h_8_seg_12,-0.5859999999999996,0.5959016116070343,0.050000000000000044,0.050000000000000044,0.0
145,12,scan_h_8_seg_13,-0.5859999999999996,0.6459016116070342,0.04999999999999993,0.04999999999999993,0.0
146,13,scan_h_8_seg_14,-0.5859999999999996,0.6959016116070342,0.050000000000000044,0.050000000000000044,0.0
147,14,scan_h_8_seg_15,-0.5859999999999996,0.7459016116070343,0.04999999999999993,0.04999999999999993,0.0
148,15,scan_h_8_seg_16,-0.5859999999999996,0.7959016116070342,0.050000000000000044,0.050000000000000044,0.0
149,16,scan_h_8_seg_17,-0.5859999999999996,0.8459016116070343,0.050000000000000044,0.050000000000000044,0.0
150,17,scan_h_8_seg_18,-0.5859999999999996,0.8959016116070342,0.04999999999999993,0.04999999999999993,0.0
151,18,scan_h_8_seg_19,-0.5859999999999996,0.9459016116070342,0.050000000000000044,0.050000000000000044,0.0
152,0,scan_h_9_seg_1,-0.5359999999999996,0.04590161160703415,0.05,0.047283632115279556,0.0
153,1,scan_h_9_seg_2,-0.5359999999999996,0.09590161160703414,0.05,0.05,0.0
154,2,scan_h_9_seg_3,-0.5359999999999996,0.14590161160703416,0.05000000000000003,0.05000000000000003,0.0
155,3,scan_h_9_seg_4,-0.5359999999999996,0.19590161160703418,0.04999999999999999,0.04999999999999999,0.0
156,4,scan_h_9_seg_5,-0.5359999999999996,0.24590161160703417,0.04999999999999996,0.04999999999999996,0.0
157,5,scan_h_9_seg_6,-0.5359999999999996,0.29590161160703415,0.050000000000000044,0.050000000000000044,0.0
158,6,scan_h_9_seg_7,-0.5359999999999996,0.34590161160703414,0.04999999999999999,0.04999999999999999,0.0
159,7,scan_h_9_seg_8,-0.5359999999999996,0.3959016116070342,0.04999999999999999,0.04999999999999999,0.0
160,8,scan_h_9_seg_9,-0.5359999999999996,0.4459016116070341,0.04999999999999999,0.04999999999999999,0.0
161,9,scan_h_9_seg_10,-0.5359999999999996,0.49590161160703417,0.050000000000000044,0.050000000000000044,39.999999999999964
162,10,scan_h_9_seg_11,-0.5359999999999996,0.5459016116070342,0.050000000000000044,0.050000000000000044,0.0
163,11,scan_h_9_seg_12,-0.5359999999999996,0.5959016116070343,0.050000000000000044,0.050000000000000044,0.0
164,12,scan_h_9_seg_13,-0.5359999999999996,0.6459016116070342,0.04999999999999993,0.04999999999999993,0.0
165,13,scan_h_9_seg_14,-0.5359999999999996,0.6959016116070342,0.050000000000000044,0.050000000000000044,0.0
166,14,scan_h_9_seg_15,-0.5359999999999996,0.7459016116070343,0.04999999999999993,0.04999999999999993,0.0
167,15,scan_h_9_seg_16,-0.5359999999999996,0.7959016116070342,0.050000000000000044,0.050000000000000044,0.0
168,16,scan_h_9_seg_17,-0.5359999999999996,0.8459016116070343,0.050000000000000044,0.050000000000000044,0.0
169,17,scan_h_9_seg_18,-0.5359999999999996,0.8959016116070342,0.04999999999999993,0.04999999999999993,0.0
170,18,scan_h_9_seg_19,-0.5359999999999996,0.9459016116070342,0.050000000000000044,0.050000000000000044,0.0
171,0,scan_h_10_seg_1,-0.48599999999999954,0.04590161160703415,0.05,0.046823509415893055,0.0
172,1,scan_h_10_seg_2,-0.48599999999999954,0.09590161160703414,0.05,0.05,0.0
173,2,scan_h_10_seg_3,-0.48599999999999954,0.14590161160703416,0.05000000000000003,0.05000000000000003,0.0
174,3,scan_h_10_seg_4,-0.48599999999999954,0.19590161160703418,0.04999999999999999,0.04999999999999999,0.0
175,4,scan_h_10_seg_5,-0.48599999999999954,0.24590161160703417,0.04999999999999996,0.04999999999999996,0.0
176,5,scan_h_10_seg_6,-0.48599999999999954,0.29590161160703415,0.050000000000000044,0.050000000000000044,0.0
177,6,scan_h_10_seg_7,-0.48599999999999954,0.34590161160703414,0.04999999999999999,0.04999999999999999,0.0
178,7,scan_h_10_seg_8,-0.48599999999999954,0.3959016116070342,0.04999999999999999,0.04999999999999999,0.0
179,8,scan_h_10_seg_9,-0.48599999999999954,0.4459016116070341,0.04999999999999999,0.04999999999999999,0.0
180,9,scan_h_10_seg_10,-0.48599999999999954,0.49590161160703417,0.050000000000000044,0.050000000000000044,0.0
181,10,scan_h_10_seg_11,-0.48599999999999954,0.5459016116070342,0.050000000000000044,0.050000000000000044,0.0
182,11,scan_h_10_seg_12,-0.48599999999999954,0.5959016116070343,0.050000000000000044,0.050000000000000044,0.0
183,12,scan_h_10_seg_13,-0.48599999999999954,0.6459016116070342,0.04999999999999993,0.04999999999999993,0.0
184,13,scan_h_10_seg_14,-0.48599999999999954,0.6959016116070342,0.050000000000000044,0.050000000000000044,0.0
185,14,scan_h_10_seg_15,-0.48599999999999954,0.7459016116070343,0.04999999999999993,0.04999999999999993,0.0
186,15,scan_h_10_seg_16,-0.48599999999999954,0.7959016116070342,0.050000000000000044,0.050000000000000044,0.0
187,16,scan_h_10_seg_17,-0.48599999999999954,0.8459016116070343,0.050000000000000044,0.050000000000000044,0.0
188,17,scan_h_10_seg_18,-0.48599999999999954,0.8959016116070342,0.04999999999999993,0.04999999999999993,0.0
189,18,scan_h_10_seg_19,-0.48599999999999954,0.9459016116070342,0.050000000000000044,0.050000000000000044,0.0
190,0,scan_h_11_seg_1,-0.4359999999999995,0.04590161160703415,0.05,0.04636338671650654,0.0
191,1,scan_h_11_seg_2,-0.4359999999999995,0.09590161160703414,0.05,0.05,0.0
192,2,scan_h_11_seg_3,-0.4359999999999995,0.14590161160703416,0.05000000000000003,0.05000000000000003,0.0
193,3,scan_h_11_seg_4,-0.4359999999999995,0.19590161160703418,0.04999999999999999,0.04999999999999999,0.0
194,4,scan_h_11_seg_5,-0.4359999999999995,0.24590161160703417,0.04999999999999996,0.04999999999999996,0.0
195,5,scan_h_11_seg_6,-0.4359999999999995,0.29590161160703415,0.050000000000000044,0.050000000000000044,0.0
196,6,scan_h_11_seg_7,-0.4359999999999995,0.34590161160703414,0.04999999999999999,0.04999999999999999,0.0
197,7,scan_h_11_seg_8,-0.4359999999999995,0.3959016116070342,0.04999999999999999,0.04999999999999999,0.0
198,8,scan_h_11_seg_9,-0.4359999999999995,0.4459016116070341,0.04999999999999999,0.04999999999999999,0.0
199,9,scan_h_11_seg_10,-0.4359999999999995,0.49590161160703417,0.050000000000000044,0.050000000000000044,0.0
200,10,scan_h_11_seg_11,-0.4359999999999995,0.5459016116070342,0.050000000000000044,0.050000000000000044,0.0
201,11,scan_h_11_seg_12,-0.4359999999999995,0.5959016116070343,0.050000000000000044,0.050000000000000044,0.0
202,12,scan_h_11_seg_13,-0.4359999999999995,0.6459016116070342,0.04999999999999993,0.04999999999999993,0.0
203,13,scan_h_11_seg_14,-0.4359999999999995,0.6959016116070342,0.050000000000000044,0.050000000000000044,0.0
204,14,scan_h_11_seg_15,-0.4359999999999995,0.7459016116070343,0.04999999999999993,0.04999999999999993,0.0
205,15,scan_h_11_seg_16,-0.4359999999999995,0.7959016116070342,0.050000000000000044,0.050000000000000044,0.0
206,16,scan_h_11_seg_17,-0.4359999999999995,0.8459016116070343,0.050000000000000044,0.050000000000000044,0.0
207,17,scan_h_11_seg_18,-0.4359999999999995,0.8959016116070342,0.04999999999999993,0.04999999999999993,0.0
208,18,scan_h_11_seg_19,-0.4359999999999995,0.9459016116070342,0.050000000000000044,0.050000000000000044,0.0
209,0,scan_h_12_seg_1,-0.38599999999999945,0.04590161160703415,0.05,0.04590326401712004,0.0
210,1,scan_h_12_seg_2,-0.38599999999999945,0.09590161160703414,0.05,0.05,0.0
211,2,scan_h_12_seg_3,-0.38599999999999945,0.14590161160703416,0.05000000000000003,0.05000000000000003,0.0
212,3,scan_h_12_seg_4,-0.38599999999999945,0.19590161160703418,0.04999999999999999,0.04999999999999999,0.0
213,4,scan_h_12_seg_5,-0.38599999999999945,0.24590161160703417,0.04999999999999996,0.04999999999999996,0.0
214,5,scan_h_12_seg_6,-0.38599999999999945,0.29590161160703415,0.050000000000000044,0.050000000000000044,0.0
215,6,scan_h_12_seg_7,-0.38599999999999945,0.34590161160703414,0.04999999999999999,0.04999999999999999,0.0
216,7,scan_h_12_seg_8,-0.38599999999999945,0.3959016116070342,0.04999999999999999,0.04999999999999999,0.0
217,8,scan_h_12_seg_9,-0.38599999999999945,0.4459016116070341,0.04999999999999999,0.04999999999999999,0.0
218,9,scan_h_12_seg_10,-0.38599999999999945,0.49590161160703417,0.050000000000000044,0.050000000000000044,0.0
219,10,scan_h_12_seg_11,-0.38599999999999945,0.5459016116070342,0.050000000000000044,0.050000000000000044,0.0
220,11,scan_h_12_seg_12,-0.38599999999999945,0.5959016116070343,0.050000000000000044,0.050000000000000044,0.0
221,12,scan_h_12_seg_13,-0.38599999999999945,0.6459016116070342,0.04999999999999993,0.04999999999999993,0.0
222,13,scan_h_12_seg_14,-0.38599999999999945,0.6959016116070342,0.050000000000000044,0.050000000000000044,0.0
223,14,scan_h_12_seg_15,-0.38599999999999945,0.7459016116070343,0.04999999999999993,0.04999999999999993,0.0
224,15,scan_h_12_seg_16,-0.38599999999999945,0.7959016116070342,0.050000000000000044,0.050000000000000044,0.0
225,16,scan_h_12_seg_17,-0.38599999999999945,0.8459016116070343,0.050000000000000044,0.050000000000000044,0.0
226,17,scan_h_12_seg_18,-0.38599999999999945,0.8959016116070342,0.04999999999999993,0.04999999999999993,0.0
227,18,scan_h_12_seg_19,-0.38599999999999945,0.9459016116070342,0.050000000000000044,0.050000000000000044,0.0
228,0,scan_h_13_seg_1,-0.3359999999999994,0.04590161160703415,0.05,0.045443141317733526,0.0
229,1,scan_h_13_seg_2,-0.3359999999999994,0.09590161160703414,0.05,0.05,0.0
230,2,scan_h_13_seg_3,-0.3359999999999994,0.14590161160703416,0.05000000000000003,0.05000000000000003,0.0
231,3,scan_h_13_seg_4,-0.3359999999999994,0.19590161160703418,0.04999999999999999,0.04999999999999999,0.0
232,4,scan_h_13_seg_5,-0.3359999999999994,0.24590161160703417,0.04999999999999996,0.04999999999999996,0.0
233,5,scan_h_13_seg_6,-0.3359999999999994,0.29590161160703415,0.050000000000000044,0.050000000000000044,0.0
234,6,scan_h_13_seg_7,-0.3359999999999994,0.34590161160703414,0.04999999999999999,0.04999999999999999,0.0
235,7,scan_h_13_seg_8,-0.3359999999999994,0.3959016116070342,0.04999999999999999,0.04999999999999999,0.0
236,8,scan_h_13_seg_9,-0.3359999999999994,0.4459016116070341,0.04999999999999999,0.04999999999999999,0.0
237,9,scan_h_13_seg_10,-0.3359999999999994,0.49590161160703417,0.050000000000000044,0.050000000000000044,0.0
238,10,scan_h_13_seg_11,-0.3359999999999994,0.5459016116070342,0.050000000000000044,0.050000000000000044,0.0
239,11,scan_h_13_seg_12,-0.3359999999999994,0.5959016116070343,0.050000000000000044,0.050000000000000044,0.0
240,12,scan_h_13_seg_13,-0.3359999999999994,0.6459016116070342,0.04999999999999993,0.04999999999999993,0.0
241,13,scan_h_13_seg_14,-0.3359999999999994,0.6959016116070342,0.050000000000000044,0.050000000000000044,0.0
242,14,scan_h_13_seg_15,-0.3359999999999994,0.7459016116070343,0.04999999999999993,0.04999999999999993,0.0
243,15,scan_h_13_seg_16,-0.3359999999999994,0.7959016116070342,0.050000000000000044,0.050000000000000044,0.0
244,16,scan_h_13_seg_17,-0.3359999999999994,0.8459016116070343,0.050000000000000044,0.050000000000000044,0.0
245,17,scan_h_13_seg_18,-0.3359999999999994,0.8959016116070342,0.04999999999999993,0.04999999999999993,0.0
246,18,scan_h_13_seg_19,-0.3359999999999994,0.9459016116070342,0.050000000000000044,0.050000000000000044,0.0
247,0,scan_h_14_seg_1,-0.28599999999999937,0.04590161160703415,0.05,0.044983018618347026,0.0
248,1,scan_h_14_seg_2,-0.28599999999999937,0.09590161160703414,0.05,0.05,0.0
249,2,scan_h_14_seg_3,-0.28599999999999937,0.14590161160703416,0.05000000000000003,0.05000000000000003,0.0
250,3,scan_h_14_seg_4,-0.28599999999999937,0.19590161160703418,0.04999999999999999,0.04999999999999999,0.0
251,4,scan_h_14_seg_5,-0.28599999999999937,0.24590161160703417,0.04999999999999996,0.04999999999999996,0.0
252,5,scan_h_14_seg_6,-0.28599999999999937,0.29590161160703415,0.050000000000000044,0.050000000000000044,0.0
253,6,scan_h_14_seg_7,-0.28599999999999937,0.34590161160703414,0.04999999999999999,0.04999999999999999,0.0
254,7,scan_h_14_seg_8,-0.28599999999999937,0.3959016116070342,0.04999999999999999,0.04999999999999999,0.0
255,8,scan_h_14_seg_9,-0.28599999999999937,0.4459016116070341,0.04999999999999999,0.04999999999999999,0.0
256,9,scan_h_14_seg_10,-0.28599999999999937,0.49590161160703417,0.050000000000000044,0.050000000000000044,0.0
257,10,scan_h_14_seg_11,-0.28599999999999937,0.5459016116070342,0.050000000000000044,0.050000000000000044,0.0
258,11,scan_h_14_seg_12,-0.28599999999999937,0.5959016116070343,0.050000000000000044,0.050000000000000044,0.0
259,12,scan_h_14_seg_13,-0.28599999999999937,0.6459016116070342,0.04999999999999993,0.04999999999999993,0.0
260,13,scan_h_14_seg_14,-0.28599999999999937,0.6959016116070342,0.050000000000000044,0.050000000000000044,0.0
261,14,scan_h_14_seg_15,-0.28599999999999937,0.7459016116070343,0.04999999999999993,0.04999999999999993,0.0
262,15,scan_h_14_seg_16,-0.28599999999999937,0.7959016116070342,0.050000000000000044,0.050000000000000044,0.0
263,16,scan_h_14_seg_17,-0.28599999999999937,0.8459016116070343,0.050000000000000044,0.050000000000000044,0.0
264,17,scan_h_14_seg_18,-0.28599999999999937,0.8959016116070342,0.04999999999999993,0.04999999999999993,0.0
265,18,scan_h_14_seg_19,-0.28599999999999937,0.9459016116070342,0.050000000000000044,0.050000000000000044,0.0
266,0,scan_h_15_seg_1,-0.23599999999999932,0.04590161160703415,0.05,0.04452289591896051,0.0
267,1,scan_h_15_seg_2,-0.23599999999999932,0.09590161160703414,0.05,0.05,0.0
268,2,scan_h_15_seg_3,-0.23599999999999932,0.14590161160703416,0.05000000000000003,0.05000000000000003,0.0
269,3,scan_h_15_seg_4,-0.23599999999999932,0.19590161160703418,0.04999999999999999,0.04999999999999999,0.0
270,4,scan_h_15_seg_5,-0.23599999999999932,0.24590161160703417,0.04999999999999996,0.04999999999999996,0.0
271,5,scan_h_15_seg_6,-0.23599999999999932,0.29590161160703415,0.050000000000000044,0.050000000000000044,0.0
272,6,scan_h_15_seg_7,-0.23599999999999932,0.34590161160703414,0.04999999999999999,0.04999999999999999,0.0
273,7,scan_h_15_seg_8,-0.23599999999999932,0.3959016116070342,0.04999999999999999,0.04999999999999999,0.0
274,8,scan_h_15_seg_9,-0.23599999999999932,0.4459016116070341,0.04999999999999999,0.04999999999999999,0.0
275,9,scan_h_15_seg_10,-0.23599999999999932,0.49590161160703417,0.050000000000000044,0.050000000000000044,0.0
276,10,scan_h_15_seg_11,-0.23599999999999932,0.5459016116070342,0.050000000000000044,0.050000000000000044,0.0
277,11,scan_h_15_seg_12,-0.23599999999999932,0.5959016116070343,0.050000000000000044,0.050000000000000044,0.0
278,12,scan_h_15_seg_13,-0.23599999999999932,0.6459016116070342,0.04999999999999993,0.04999999999999993,0.0
279,13,scan_h_15_seg_14,-0.23599999999999932,0.6959016116070342,0.050000000000000044,0.050000000000000044,0.0
280,14,scan_h_15_seg_15,-0.23599999999999932,0.7459016116070343,0.04999999999999993,0.04999999999999993,0.0
281,15,scan_h_15_seg_16,-0.23599999999999932,0.7959016116070342,0.050000000000000044,0.050000000000000044,0.0
282,16,scan_h_15_seg_17,-0.23599999999999932,0.8459016116070343,0.050000000000000044,0.050000000000000044,0.0
283,17,scan_h_15_seg_18,-0.23599999999999932,0.8959016116070342,0.04999999999999993,0.04999999999999993,0.0
284,18,scan_h_15_seg_19,-0.23599999999999932,0.9459016116070342,0.050000000000000044,0.050000000000000044,0.0
285,0,scan_h_16_seg_1,-0.18599999999999928,0.04590161160703415,0.05,0.04406277321957401,0.0
286,1,scan_h_16_seg_2,-0.18599999999999928,0.09590161160703414,0.05,0.05,0.0
287,2,scan_h_16_seg_3,-0.18599999999999928,0.14590161160703416,0.05000000000000003,0.05000000000000003,0.0
288,3,scan_h_16_seg_4,-0.18599999999999928,0.19590161160703418,0.04999999999999999,0.04999999999999999,0.0
289,4,scan_h_16_seg_5,-0.18599999999999928,0.24590161160703417,0.04999999999999996,0.04999999999999996,0.0
290,5,scan_h_16_seg_6,-0.18599999999999928,0.29590161160703415,0.050000000000000044,0.050000000000000044,0.0
291,6,scan_h_16_seg_7,-0.18599999999999928,0.34590161160703414,0.04999999999999999,0.04999999999999999,0.0
292,7,scan_h_16_seg_8,-0.18599999999999928,0.3959016116070342,0.04999999999999999,0.04999999999999999,0.0
293,8,scan_h_16_seg_9,-0.18599999999999928,0.4459016116070341,0.04999999999999999,0.04999999999999999,0.0
294,9,scan_h_16_seg_10,-0.18599999999999928,0.49590161160703417,0.050000000000000044,0.050000000000000044,0.0
295,10,scan_h_16_seg_11,-0.18599999999999928,0.5459016116070342,0.050000000000000044,0.050000000000000044,0.0
296,11,scan_h_16_seg_12,-0.18599999999999928,0.5959016116070343,0.050000000000000044,0.050000000000000044,0.0
297,12,scan_h_16_seg_13,-0.18599999999999928,0.6459016116070342,0.04999999999999993,0.04999999999999993,0.0
298,13,scan_h_16_seg_14,-0.18599999999999928,0.6959016116070342,0.050000000000000044,0.050000000000000044,0.0
299,14,scan_h_16_seg_15,-0.18599999999999928,0.7459016116070343,0.04999999999999993,0.04999999999999993,0.0
300,15,scan_h_16_seg_16,-0.18599999999999928,0.7959016116070342,0.050000000000000044,0.050000000000000044,0.0
301,16,scan_h_16_seg_17,-0.18599999999999928,0.8459016116070343,0.050000000000000044,0.050000000000000044,0.0
302,17,scan_h_16_seg_18,-0.18599999999999928,0.8959016116070342,0.04999999999999993,0.04999999999999993,0.0
303,18,scan_h_16_seg_19,-0.18599999999999928,0.9459016116070342,0.050000000000000044,0.050000000000000044,0.0
304,0,scan_h_17_seg_1,-0.13599999999999923,0.04590161160703415,0.05,0.0436026505201875,0.0
305,1,scan_h_17_seg_2,-0.13599999999999923,0.09590161160703414,0.05,0.05,0.0
306,2,scan_h_17_seg_3,-0.13599999999999923,0.14590161160703416,0.05000000000000003,0.05000000000000003,0.0
307,3,scan_h_17_seg_4,-0.13599999999999923,0.19590161160703418,0.04999999999999999,0.04999999999999999,0.0
308,4,scan_h_17_seg_5,-0.13599999999999923,0.24590161160703417,0.04999999999999996,0.04999999999999996,0.0
309,5,scan_h_17_seg_6,-0.13599999999999923,0.29590161160703415,0.050000000000000044,0.050000000000000044,0.0
310,6,scan_h_17_seg_7,-0.13599999999999923,0.34590161160703414,0.04999999999999999,0.04999999999999999,0.0
311,7,scan_h_17_seg_8,-0.13599999999999923,0.3959016116070342,0.04999999999999999,0.04999999999999999,0.0
312,8,scan_h_17_seg_9,-0.13599999999999923,0.4459016116070341,0.04999999999999999,0.04999999999999999,0.0
313,9,scan_h_17_seg_10,-0.13599999999999923,0.49590161160703417,0.050000000000000044,0.050000000000000044,0.0
314,10,scan_h_17_seg_11,-0.13599999999999923,0.5459016116070342,0.050000000000000044,0.050000000000000044,0.0
315,11,scan_h_17_seg_12,-0.13599999999999923,0.5959016116070343,0.050000000000000044,0.050000000000000044,0.0
316,12,scan_h_17_seg_13,-0.13599999999999923,0.6459016116070342,0.04999999999999993,0.04999999999999993,0.0
317,13,scan_h_17_seg_14,-0.13599999999999923,0.6959016116070342,0.050000000000000044,0.050000000000000044,0.0
318,14,scan_h_17_seg_15,-0.13599999999999923,0.7459016116070343,0.04999999999999993,0.04999999999999993,0.0
319,15,scan_h_17_seg_16,-0.13599999999999923,0.7959016116070342,0.050000000000000044,0.050000000000000044,0.0
320,16,scan_h_17_seg_17,-0.13599999999999923,0.8459016116070343,0.050000000000000044,0.050000000000000044,0.0
321,17,scan_h_17_seg_18,-0.13599999999999923,0.8959016116070342,0.04999999999999993,0.04999999999999993,0.0
322,18,scan_h_17_seg_19,-0.13599999999999923,0.9459016116070342,0.050000000000000044,0.050000000000000044,0.0
323,0,scan_h_18_seg_1,-0.08599999999999919,0.04590161160703415,0.05,0.043142527820801,0.0
324,1,scan_h_18_seg_2,-0.08599999999999919,0.09590161160703414,0.05,0.05,0.0
325,2,scan_h_18_seg_3,-0.08599999999999919,0.14590161160703416,0.05000000000000003,0.05000000000000003,0.0
326,3,scan_h_18_seg_4,-0.08599999999999919,0.19590161160703418,0.04999999999999999,0.04999999999999999,0.0
327,4,scan_h_18_seg_5,-0.08599999999999919,0.24590161160703417,0.04999999999999996,0.04999999999999996,0.0
328,5,scan_h_18_seg_6,-0.08599999999999919,0.29590161160703415,0.050000000000000044,0.050000000000000044,0.0
329,6,scan_h_18_seg_7,-0.08599999999999919,0.34590161160703414,0.04999999999999999,0.04999999999999999,0.0
330,7,scan_h_18_seg_8,-0.08599999999999919,0.3959016116070342,0.04999999999999999,0.04999999999999999,0.0
331,8,scan_h_18_seg_9,-0.08599999999999919,0.4459016116070341,0.04999999999999999,0.04999999999999999,0.0
332,9,scan_h_18_seg_10,-0.08599999999999919,0.49590161160703417,0.050000000000000044,0.050000000000000044,0.0
333,10,scan_h_18_seg_11,-0.08599999999999919,0.5459016116070342,0.050000000000000044,0.050000000000000044,0.0
334,11,scan_h_18_seg_12,-0.08599999999999919,0.5959016116070343,0.050000000000000044,0.050000000000000044,0.0
335,12,scan_h_18_seg_13,-0.08599999999999919,0.6459016116070342,0.04999999999999993,0.04999999999999993,0.0
336,13,scan_h_18_seg_14,-0.08599999999999919,0.6959016116070342,0.050000000000000044,0.050000000000000044,0.0
337,14,scan_h_18_seg_15,-0.08599999999999919,0.7459016116070343,0.04999999999999993,0.04999999999999993,0.0
338,15,scan_h_18_seg_16,-0.08599999999999919,0.7959016116070342,0.050000000000000044,0.050000000000000044,0.0
339,16,scan_h_18_seg_17,-0.08599999999999919,0.8459016116070343,0.050000000000000044,0.050000000000000044,0.0
340,17,scan_h_18_seg_18,-0.08599999999999919,0.8959016116070342,0.04999999999999993,0.04999999999999993,0.0
341,18,scan_h_18_seg_19,-0.08599999999999919,0.9459016116070342,0.050000000000000044,0.050000000000000044,0.0
342,0,scan_h_19_seg_1,-0.035999999999999144,0.04590161160703415,0.05,0.04268240512141448,0.0
343,1,scan_h_19_seg_2,-0.035999999999999144,0.09590161160703414,0.05,0.05,0.0
344,2,scan_h_19_seg_3,-0.035999999999999144,0.14590161160703416,0.05000000000000003,0.05000000000000003,0.0
345,3,scan_h_19_seg_4,-0.035999999999999144,0.19590161160703418,0.04999999999999999,0.04999999999999999,0.0
346,4,scan_h_19_seg_5,-0.035999999999999144,0.24590161160703417,0.04999999999999996,0.04999999999999996,20.000000000000014
347,5,scan_h_19_seg_6,-0.035999999999999144,0.29590161160703415,0.050000000000000044,0.050000000000000044,0.0
348,6,scan_h_19_seg_7,-0.035999999999999144,0.34590161160703414,0.04999999999999999,0.04999999999999999,60.000000000000014
349,7,scan_h_19_seg_8,-0.035999999999999144,0.3959016116070342,0.04999999999999999,0.04999999999999999,0.0
350,8,scan_h_19_seg_9,-0.035999999999999144,0.4459016116070341,0.04999999999999999,0.04999999999999999,0.0
351,9,scan_h_19_seg_10,-0.035999999999999144,0.49590161160703417,0.050000000000000044,0.050000000000000044,0.0
352,10,scan_h_19_seg_11,-0.035999999999999144,0.5459016116070342,0.050000000000000044,0.050000000000000044,0.0
353,11,scan_h_19_seg_12,-0.035999999999999144,0.5959016116070343,0.050000000000000044,0.050000000000000044,0.0
354,12,scan_h_19_seg_13,-0.035999999999999144,0.6459016116070342,0.04999999999999993,0.04999999999999993,0.0
355,13,scan_h_19_seg_14,-0.035999999999999144,0.6959016116070342,0.050000000000000044,0.050000000000000044,0.0
356,14,scan_h_19_seg_15,-0.035999999999999144,0.7459016116070343,0.04999999999999993,0.04999999999999993,0.0
357,15,scan_h_19_seg_16,-0.035999999999999144,0.7959016116070342,0.050000000000000044,0.050000000000000044,0.0
358,16,scan_h_19_seg_17,-0.035999999999999144,0.8459016116070343,0.050000000000000044,0.050000000000000044,0.0
359,17,scan_h_19_seg_18,-0.035999999999999144,0.8959016116070342,0.04999999999999993,0.04999999999999993,0.0
360,18,scan_h_19_seg_19,-0.035999999999999144,0.9459016116070342,0.050000000000000044,0.050000000000000044,0.0
