,distance,frac_num,height,index,name,spacing,x
0,0.0,1,0.030400000000000205,4324,scan_h_1,0.0,23.536254011520004
1,3.450105700572898,2,0.06840000000000046,31740,scan_h_1,3.450105700572898,26.986359712092902
2,4.049423685223232,3,0.04560000000000031,6659,scan_h_1,0.5993179846503338,27.585677696743236
3,10.965652463208603,4,0.049399999999998556,1307,scan_h_1,6.916228777985371,34.50190647472861
4,10.968185796541935,5,0.06080000000000041,442,scan_h_1,0.002533333333332166,34.50443980806194
5,20.68046685220128,6,0.011400000000001853,30469,scan_h_1,9.712281055659346,44.216720863721285
6,22.44997710411999,7,0.022800000000000153,6352,scan_h_1,1.7695102519187103,45.986231115639995
7,22.457586996154834,8,0.026600000000001955,3296,scan_h_1,0.007609892034842858,45.99384100767484
8,23.676107140108375,9,0.04560000000000031,16529,scan_h_1,1.2185201439535405,47.21236115162838
9,23.909735505889028,10,0.015200000000000102,14191,scan_h_1,0.23362836578065327,47.44598951740903
10,23.93070714010837,11,0.04560000000000031,3885,scan_h_1,0.020971634219343116,47.466961151628375
11,23.941900425457195,12,0.019000000000001904,9420,scan_h_1,0.011193285348824134,47.4781544369772
12,23.962587116116122,13,0.026599999999998403,19078,scan_h_1,0.02068669065892692,47.498841127636126
13,24.006842392027085,14,0.030400000000000205,14657,scan_h_1,0.04425527591096312,47.54309640354709
14,24.013951026854183,15,0.022800000000000153,7296,scan_h_1,0.007108634827098115,47.55020503837419
15,24.080338795574168,16,0.04560000000000031,1562,scan_h_1,0.06638776871998431,47.61659280709417
16,24.152228723597414,17,0.019000000000001904,11807,scan_h_1,0.07188992802324634,47.68848273511742
17,24.18010857964386,18,0.04560000000000031,12438,scan_h_1,0.027879856046446605,47.716362591163865
18,24.201124694806698,19,0.019000000000001904,20529,scan_h_1,0.021016115162836968,47.7373787063267
19,24.206987510274647,20,0.011400000000001853,8887,scan_h_1,0.005862815467949645,47.74324152179465
20,24.24596865162064,21,0.015200000000000102,28017,scan_h_1,0.0389811413459924,47.782222663140644
21,24.295428003829667,22,0.04180000000000206,24455,scan_h_1,0.049459352209026974,47.83168201534967
22,24.68738651630967,23,0.07979999999999876,12299,scan_h_1,0.39195851248000224,48.22364052782967
23,25.196986756232253,24,0.07980000000000231,15252,scan_h_1,0.5096002399225839,48.73324076775226
24,27.879307380030962,25,0.07979999999999876,14847,scan_h_1,2.6823206237987094,51.415561391550966
25,0.0,1,0.003800000000001802,7402,scan_h_2,0.0,16.359937172094615
26,0.007748442093760133,2,0.003800000000001802,32178,scan_h_2,0.007748442093760133,16.367685614188375
27,0.06284844209372764,3,0.015200000000000102,8676,scan_h_2,0.05509999999996751,16.422785614188342
28,0.08448153550449078,4,0.007600000000000051,4668,scan_h_2,0.021633093410763138,16.444418707599105
29,7.1725304479002645,5,0.007600000000000051,10792,scan_h_2,7.088048912395774,23.53246761999488
30,8.645733326971225,6,0.049399999999998556,291,scan_h_2,1.4732028790709606,25.00567049906584
31,9.474166708925317,7,0.015200000000000102,3348,scan_h_2,0.8284333819540919,25.83410388101993
32,9.576454910460242,8,0.026600000000001955,5701,scan_h_2,0.10228820153492535,25.936392082554857
33,9.590047002558254,9,0.03420000000000201,1547,scan_h_2,0.013592092098011932,25.94998417465287
34,9.732923250222868,10,0.019000000000001904,17063,scan_h_2,0.1428762476646135,26.092860422317482
35,13.053176493949309,11,0.026599999999998403,26516,scan_h_2,3.320253243726441,29.413113666043923
36,14.21054772232602,12,0.01899999999999835,880,scan_h_2,1.1573712283767108,30.570484894420634
37,14.72722253999829,13,0.011400000000001853,12587,scan_h_2,0.5166748176722713,31.087159712092905
38,16.718638365345424,14,0.05320000000000036,660,scan_h_2,1.9914158253471328,33.07857553744004
39,20.818587650349247,15,0.022800000000000153,379,scan_h_2,4.099949285003824,37.17852482244386
40,20.825234056282124,16,0.030400000000000205,6427,scan_h_2,0.006646405932876576,37.18517122837674
41,23.593012463249938,17,0.003800000000001802,86,scan_h_2,2.767778406967814,39.95294963534455
42,23.744872904653743,18,0.011400000000001853,18974,scan_h_2,0.15186044140380517,40.10481007674836
43,23.966825639068066,19,0.04940000000000211,624,scan_h_2,0.22195273441432306,40.32676281116268
44,29.534934881644734,20,0.007600000000000051,7921,scan_h_2,5.568109242576668,45.89487205373935
45,29.55188872779858,21,0.003800000000001802,1142,scan_h_2,0.01695384615384654,45.911825899893195
46,29.629170742169467,22,0.007600000000000051,871,scan_h_2,0.077282014370887,45.98910791426408
47,29.663264027518284,23,0.5244,971,scan_h_2,0.03409328534881695,46.0232011996129
48,29.97730455534796,24,0.015200000000000102,22021,scan_h_2,0.3140405278296754,46.337241727442574
49,30.327064627324734,25,0.003800000000001802,14075,scan_h_2,0.3497600719767746,46.68700179941935
50,30.664784411394418,26,0.01899999999999835,5302,scan_h_2,0.3377197840696837,47.02472158348903
51,30.74208664961147,27,0.003800000000001802,2986,scan_h_2,0.07730223821705096,47.102023821706084
52,30.769229734949068,28,0.019000000000001904,3824,scan_h_2,0.027143085337598905,47.12916690704368
53,30.77864124577967,29,0.026599999999998403,24226,scan_h_2,0.009411510830602765,47.138578417874285
54,30.79592120465008,30,0.04560000000000031,2030,scan_h_2,0.017279958870410894,47.155858376744696
55,35.70358441139442,31,0.007600000000000051,25549,scan_h_2,4.907663206744331,52.06352158348903
56,36.03971750162414,32,0.007600000000000051,11133,scan_h_2,0.3361330902297297,52.39965467371876
57,36.666264987208606,33,0.09880000000000067,5468,scan_h_2,0.6265474855844602,53.02620215930322
58,36.71016124632499,34,0.022800000000000153,4288,scan_h_2,0.043896259116380065,53.0700984184196
59,36.78984153423208,35,0.022800000000000153,17345,scan_h_2,0.07968028790710235,53.1497787063267
60,0.0,1,0.10640000000000072,9908,scan_h_3,0.0,10.842528061398632
61,1.9587654606917528,2,0.0037999999999982492,2218,scan_h_3,1.9587654606917528,12.801293522090385
62,8.158120857359243,3,0.08359999999999701,25124,scan_h_3,6.199355396667491,19.000648918757875
63,8.464466180459453,4,0.011400000000001853,6863,scan_h_3,0.30634532310021,19.306994241858085
64,9.222429492583949,5,0.007600000000000051,908,scan_h_3,0.7579633121244953,20.06495755398258
65,9.224230608930178,6,0.0113999999999983,991,scan_h_3,0.001801116346229037,20.06675867032881
66,9.475266180459489,7,0.015200000000000102,26002,scan_h_3,0.2510355715293109,20.31779424185812
67,10.943025895097204,8,0.007600000000000051,13674,scan_h_3,1.4677597146377153,21.785553956495836
68,13.79994819580913,9,0.07979999999999876,1407,scan_h_3,2.8569223007119255,24.64247625720776
69,20.667434529765224,10,0.015200000000000102,31856,scan_h_3,6.867486333956094,31.509962591163855
70,20.705474817672325,11,0.007600000000000051,8491,scan_h_3,0.038040287907101344,31.548002879070957
71,20.719300716586734,12,0.0037999999999982492,3977,scan_h_3,0.013825898914408441,31.561828777985365
72,20.73118848371624,13,0.06079999999999686,20979,scan_h_3,0.01188776712950812,31.573716545114873
73,28.46606453800267,14,0.05699999999999861,14495,scan_h_3,7.734876054286428,39.3085925994013
74,28.49436690022722,15,0.034199999999998454,8393,scan_h_3,0.028302362224550848,39.33689496162585
75,29.918970899997205,16,0.026600000000001955,13938,scan_h_3,1.4246039997699853,40.76149896139584
76,29.94256312621814,17,0.015200000000000102,22313,scan_h_3,0.023592226220934265,40.78509118761677
77,30.04186762272154,18,0.030400000000000205,6888,scan_h_3,0.09930449650340023,40.88439568412017
78,30.072396142738143,19,0.0113999999999983,913,scan_h_3,0.030528520016602556,40.914924204136774
79,30.081108627669764,20,0.01899999999999835,4784,scan_h_3,0.008712484931621134,40.923636689068395
80,30.088166118496254,21,0.0037999999999982492,1220,scan_h_3,0.007057490826490209,40.930694179894886
81,30.089348198194912,22,0.011400000000001853,12306,scan_h_3,0.001182079698658356,40.931876259593544
82,30.10647337813684,23,0.12159999999999727,25719,scan_h_3,0.01712517994192808,40.94900143953547
83,41.39062013441051,24,0.11019999999999897,1005,scan_h_3,11.284146756273671,52.23314819580914
84,0.0,1,0.011400000000001853,5475,scan_h_4,0.0,13.198343877202644
85,0.03607387070615253,2,0.019000000000001904,428,scan_h_4,0.03607387070615253,13.234417747908797
86,14.296011516283828,3,0.0113999999999983,624,scan_h_4,14.259937645577676,27.494355393486472
87,19.16280000636209,4,0.05699999999999861,831,scan_h_4,4.866788490078264,32.361143883564736
88,21.360329500934156,5,0.07219999999999871,29023,scan_h_4,2.1975294945720663,34.5586733781368
89,21.702686445942042,6,0.01899999999999835,889,scan_h_4,0.3423569450078858,34.90103032314469
90,21.70786141148367,7,0.019000000000001904,604,scan_h_4,0.00517496554162733,34.906205288686316
91,21.711491791046996,8,0.003800000000001802,1341,scan_h_4,0.003630379563325903,34.90983566824964
92,23.27289993565774,9,0.015200000000000102,661,scan_h_4,1.5614081446107448,36.471243812860386
93,23.276238338536814,10,0.030400000000000205,426,scan_h_4,0.0033384028790734988,36.47458221573946
94,23.278670338536813,11,0.04560000000000031,407,scan_h_4,0.0024319999999988795,36.47701421573946
95,23.676532380005092,12,0.01899999999999835,7075,scan_h_4,0.3978620414682794,36.87487625720774
96,23.69305756233284,13,0.003800000000001802,10680,scan_h_4,0.016525182327747245,36.891401439535485
97,23.718777526344446,14,0.007600000000000051,6028,scan_h_4,0.025719964011607033,36.91712140354709
98,24.29319856809903,15,0.05700000000000216,6718,scan_h_4,0.574421041754583,37.491542445301675
99,24.342761351200963,16,0.04180000000000206,7093,scan_h_4,0.049562783101933405,37.54110522840361
100,24.35933209464286,17,0.003800000000001802,2149,scan_h_4,0.01657074344189624,37.557675971845505
101,24.42352950475142,18,0.09499999999999886,3127,scan_h_4,0.06419741010856228,37.62187338195407
102,25.41741799419347,19,0.09499999999999886,6578,scan_h_4,0.9938884894420497,38.61576187139612
103,26.711342908329982,20,0.14060000000000272,2603,scan_h_4,1.293924914136511,39.90968678553263
104,28.791625911638604,21,0.07600000000000051,6969,scan_h_4,2.0802830033086224,41.98996978884125
105,30.76697842605413,22,0.25459999999999994,3356,scan_h_4,1.9753525144155262,43.96532230325678
106,30.76825288384253,23,0.14440000000000097,5604,scan_h_4,0.0012744577883978536,43.966596761045174
107,0.0,1,0.007600000000000051,18112,scan_h_5,0.0,15.886418418419607
108,0.736903884837167,2,0.03420000000000201,11135,scan_h_5,0.736903884837167,16.623322303256774
109,2.2201873397222993,3,0.022800000000000153,25476,scan_h_5,1.4832834548851324,18.106605758141907
110,2.805584460651362,4,0.030400000000000205,18648,scan_h_5,0.5853971209290627,18.69200287907097
111,8.875800285998457,5,0.015200000000000102,8913,scan_h_5,6.070215825347095,24.762218704418064
112,11.01010532437263,6,0.038000000000000256,8499,scan_h_5,2.1343050383741726,26.896523742792237
113,11.046624748558456,7,0.041799999999998505,17840,scan_h_5,0.03651942418582621,26.933043166978063
114,16.552965549222044,8,0.049399999999998556,31228,scan_h_5,5.50634080066359,32.43938396764165
115,18.22739079079019,9,0.034199999999998454,22688,scan_h_5,1.6744252415681444,34.1138092092098
116,18.278770514103265,10,0.07220000000000226,5826,scan_h_5,0.05137972331307594,34.165188932522874
117,18.29354944785996,11,0.07979999999999876,18379,scan_h_5,0.014778933756694812,34.17996786627957
118,18.29754273320878,12,0.015200000000000102,29920,scan_h_5,0.003993285348819597,34.18396115162839
119,18.305008135407483,13,0.007600000000000051,27008,scan_h_5,0.007465402198704396,34.19142655382709
120,18.34044489145164,14,0.007600000000000051,2358,scan_h_5,0.03543675604415597,34.22686330987125
121,18.35093601855759,15,0.04560000000000031,3944,scan_h_5,0.010491127105950682,34.2373544369772
122,18.96022330902297,16,0.015200000000000102,6697,scan_h_5,0.6092872904653817,34.84664172744258
123,20.222785900186828,17,0.015200000000000102,18350,scan_h_5,1.2625625911638565,36.10920431860644
124,20.25634417274425,18,0.019000000000001904,22026,scan_h_5,0.033558272557421276,36.14276259116386
125,21.275028347397125,19,0.0113999999999983,2201,scan_h_5,1.0186841746528756,37.161446765816734
126,21.385844892512004,20,0.007600000000000051,26388,scan_h_5,0.11081654511487926,37.27226331093161
127,21.492201794537685,21,0.01899999999999835,6354,scan_h_5,0.10635690202568071,37.378620212957294
128,21.59646071785911,22,0.011400000000001853,4419,scan_h_5,0.10425892332142439,37.48287913627872
129,21.627107335905038,23,0.04560000000000031,4820,scan_h_5,0.030646618045928165,37.51352575432465
130,21.63787414716147,24,0.007600000000000051,6303,scan_h_5,0.010766811256431197,37.52429256558108
131,21.729088208508742,25,0.019000000000001904,6336,scan_h_5,0.09121406134727295,37.61550662692835
132,21.74386438039611,26,0.015200000000000102,5677,scan_h_5,0.014776171887369571,37.63028279881572
133,22.19173482053523,27,0.01899999999999835,22585,scan_h_5,0.4478704401391198,38.07815323895484
134,26.627536975066867,28,0.011400000000001853,7670,scan_h_5,4.435802154531636,42.51395539348648
135,26.629851796556395,29,0.0113999999999983,28252,scan_h_5,0.002314821489527219,42.516270214976004
136,26.900908918439747,30,0.007600000000000051,4709,scan_h_5,0.2710571218833522,42.787327336859356
137,26.922925465145134,31,0.04180000000000206,24318,scan_h_5,0.02201654670538744,42.80934388356474
138,30.182411792739117,32,0.019000000000001904,32266,scan_h_5,3.259486327593983,46.068830211158726
139,37.07669812669523,33,0.030400000000000205,13953,scan_h_5,6.89428633395611,52.963116545114836
140,37.07869668715975,34,0.026599999999998403,11557,scan_h_5,0.001998560464521404,52.96511510557936
141,37.16281006911382,35,0.0037999999999982492,11720,scan_h_5,0.0841133819540687,53.049228487533426
142,0.0,1,0.026600000000001955,11351,scan_h_6,0.0,25.821881809701743
143,0.03843186111373598,2,0.011400000000001853,25700,scan_h_6,0.03843186111373598,25.86031367081548
144,0.11068783136869342,3,0.030400000000000205,7957,scan_h_6,0.07225597025495745,25.932569641070437
145,0.29102466629927903,4,0.038000000000000256,12176,scan_h_6,0.1803368349305856,26.112906476001022
146,0.29665574499657765,5,0.06459999999999866,32217,scan_h_6,0.005631078697298619,26.11853755469832
147,0.31490092541567094,6,0.022800000000000153,28047,scan_h_6,0.018245180419093288,26.136782735117414
148,0.5064395338647074,7,0.022800000000000153,18976,scan_h_6,0.19153860844903647,26.32832134356645
149,0.6097196298337302,8,0.038000000000000256,29505,scan_h_6,0.10328009596902277,26.431601439535473
150,0.7276956010430204,9,0.015200000000000102,4507,scan_h_6,0.11797597120929026,26.549577410744764
151,0.7541196298337312,10,0.030400000000000205,19045,scan_h_6,0.026424028790710707,26.576001439535474
152,0.7685654675081999,11,0.026599999999998403,2018,scan_h_6,0.01444583767446872,26.590447277209943
153,1.097139773787287,12,0.06080000000000041,24835,scan_h_6,0.3285743062790871,26.91902158348903
154,1.1627599177408356,13,0.019000000000001904,12152,scan_h_6,0.06562014395354865,26.98464172744258
155,1.1969683907639137,14,0.06459999999999866,25659,scan_h_6,0.034208473023078056,27.018850200465657
156,2.7143966068092347,15,0.0113999999999983,26617,scan_h_6,1.517428216045321,28.536278416510978
157,3.2781527232444923,16,0.015200000000000102,21693,scan_h_6,0.5637561164352576,29.100034532946236
158,5.0840793419266355,17,0.030400000000000205,32362,scan_h_6,1.8059266186821432,30.90596115162838
159,5.134937488027589,18,0.06840000000000046,5763,scan_h_6,0.050858146100953405,30.956819297729332
160,9.124598606164064,19,0.026600000000001955,18024,scan_h_6,3.9896611181364747,34.94648041586581
161,10.019928262555709,20,0.022800000000000153,14040,scan_h_6,0.8953296563916453,35.84181007225745
162,15.785185095296967,21,0.026600000000001955,8924,scan_h_6,5.765256832741258,41.60706690499871
163,15.787094346045357,22,0.026599999999998403,19288,scan_h_6,0.0019092507483904342,41.6089761557471
164,16.989694140397432,23,0.022800000000000153,18281,scan_h_6,1.202599794352075,42.811575950099176
165,16.994831242124995,24,0.026600000000001955,23400,scan_h_6,0.005137101727562765,42.81671305182674
166,19.35715535921183,25,0.015200000000000102,7083,scan_h_6,2.3623241170868354,45.179037168913574
167,19.394522025878473,26,0.034199999999998454,7087,scan_h_6,0.037366666666642345,45.216403835580216
168,20.13030236177009,27,0.015200000000000102,14362,scan_h_6,0.7357803358916186,45.952184171471835
169,21.238886534832453,28,0.015200000000000102,3943,scan_h_6,1.1085841730623613,47.060768344534196
170,21.249186714774396,29,0.038000000000000256,9346,scan_h_6,0.0103001799419431,47.07106852447614
171,21.29602682273955,30,0.019000000000001904,17038,scan_h_6,0.04684010796515281,47.11790863244129
172,21.84207820229439,31,0.038000000000000256,1218,scan_h_6,0.5460513795548394,47.66396001199613
173,21.845855801814544,32,0.015200000000000102,805,scan_h_6,0.003777599520155661,47.66773761151629
174,22.13459624692537,33,0.030400000000000205,14415,scan_h_6,0.2887404451108253,47.95647805662711
175,23.6033153112273,34,0.09499999999999886,3850,scan_h_6,1.4687190643019292,49.42519712092904
176,23.619305959018263,35,0.09120000000000061,32261,scan_h_6,0.015990647790964374,49.441187768720006
177,0.0,1,0.041799999999998505,9894,scan_h_7,0.0,25.864761151628382
178,0.24116978406968315,2,0.04940000000000211,3006,scan_h_7,0.24116978406968315,26.105930935698066
179,0.27132885689920627,3,0.06080000000000041,3817,scan_h_7,0.030159072829523126,26.13609000852759
180,0.2791199640116062,4,0.06840000000000046,21536,scan_h_7,0.007791107112399942,26.14388111563999
181,0.2997543998213317,5,0.05699999999999861,2450,scan_h_7,0.02063443580972546,26.164515551449714
182,1.5916791362787137,6,0.04560000000000031,23536,scan_h_7,1.291924736457382,27.456440287907096
183,1.595479136278712,7,0.04180000000000206,32034,scan_h_7,0.0037999999999982492,27.460240287907094
184,2.741439568139352,8,0.04560000000000031,7838,scan_h_7,1.1459604318606402,28.606200719767735
185,3.1422409048508655,9,0.08360000000000056,8442,scan_h_7,0.4008013367115133,29.007002056479248
186,5.0459474265472934,10,0.05320000000000036,32737,scan_h_7,1.903706521696428,30.910708578175676
187,5.058396206596129,11,0.038000000000000256,6947,scan_h_7,0.012448780048835317,30.92315735822451
188,5.068296401161302,12,0.022800000000000153,8058,scan_h_7,0.009900194565172882,30.933057552789684
189,5.121424699301517,13,0.026600000000001955,22793,scan_h_7,0.05312829814021569,30.9861858509299
190,6.320007194098711,14,0.05699999999999861,11369,scan_h_7,1.1985824947971935,32.18476834572709
191,6.358710951162724,15,0.01899999999999835,32317,scan_h_7,0.03870375706401319,32.223472102791106
192,10.49390455534797,16,0.022800000000000153,23649,scan_h_7,4.135193604185247,36.35866570697635
193,13.610226138836989,17,0.06080000000000041,22644,scan_h_7,3.116321583489018,39.47498729046537
194,14.462023979533779,18,0.06080000000000041,12372,scan_h_7,0.8517978406967899,40.32678513116216
195,14.48286676136328,19,0.03420000000000201,6292,scan_h_7,0.020842781829500723,40.34762791299166
196,14.49285446943411,20,0.07980000000000231,7509,scan_h_7,0.009987708070831047,40.35761562106249
197,14.507564550696546,21,0.06080000000000041,25711,scan_h_7,0.014710081262435892,40.37232570232493
198,14.86574340371958,22,0.015200000000000102,27245,scan_h_7,0.3581788530230341,40.73050455534796
199,14.899422539998294,23,0.01899999999999835,10522,scan_h_7,0.033679136278713884,40.76418369162668
200,14.951974097904529,24,0.05320000000000036,26514,scan_h_7,0.052551557906234336,40.81673524953291
201,15.001557552789695,25,0.07219999999999871,30367,scan_h_7,0.049583454885166134,40.86631870441808
202,15.015527095346261,26,0.06080000000000041,17947,scan_h_7,0.013969542556566239,40.880288246974644
203,15.160976403069927,27,0.015200000000000102,17013,scan_h_7,0.14544930772366627,41.02573755469831
204,15.573587940774932,28,0.019000000000001904,12651,scan_h_7,0.41261153770500414,41.438349092403314
205,15.605292010305742,29,0.07219999999999871,17445,scan_h_7,0.03170406953081084,41.470053161934125
206,15.612892010305746,30,0.0113999999999983,15067,scan_h_7,0.007600000000003604,41.47765316193413
207,15.627984826384516,31,0.019000000000001904,7457,scan_h_7,0.01509281607877,41.4927459780129
208,15.632616205679053,32,0.07220000000000226,19755,scan_h_7,0.004631379294536941,41.497377357307435
209,15.639758272557426,33,0.034199999999998454,26448,scan_h_7,0.0071420668783730434,41.50451942418581
210,15.644774370203226,34,0.0037999999999982492,15944,scan_h_7,0.005016097645800244,41.50953552183161
211,15.648574370203225,35,0.030400000000000205,12253,scan_h_7,0.0037999999999982492,41.51333552183161
212,15.656174370203228,36,0.08739999999999881,12749,scan_h_7,0.007600000000003604,41.52093552183161
213,15.771159472170321,37,0.08360000000000056,29132,scan_h_7,0.11498510196709333,41.635920623798704
214,16.376000479314985,38,0.06840000000000046,26154,scan_h_7,0.6048410071446639,42.24076163094337
215,16.69249007102246,39,0.04560000000000031,25010,scan_h_7,0.31648959170747304,42.55725122265084
216,16.702638048629684,40,0.17479999999999762,20069,scan_h_7,0.0101479776072253,42.567399200258066
217,17.574658032634847,41,0.022800000000000153,7246,scan_h_7,0.8720199840051635,43.43941918426323
218,17.585424699301516,42,0.038000000000000256,6493,scan_h_7,0.010766666666668812,43.4501858509299
219,17.89827625720775,43,0.041799999999998505,12803,scan_h_7,0.3128515579062352,43.763037408836134
220,19.714139568139355,44,0.13680000000000092,13304,scan_h_7,1.8158633109316042,45.57890071976774
221,19.76603740883615,45,0.08360000000000056,15955,scan_h_7,0.05189784069679604,45.630798560464534
222,19.802751074880053,46,0.015200000000000102,21519,scan_h_7,0.03671366604390158,45.667512226508435
223,20.121686788519877,47,0.0113999999999983,22051,scan_h_7,0.3189357136398243,45.98644794014826
224,20.128926493366844,48,0.11400000000000077,31105,scan_h_7,0.007239704846966788,45.99368764499523
225,20.14325511391282,49,0.030400000000000205,21727,scan_h_7,0.014328620545974502,46.0080162655412
226,22.97112291747393,50,0.026599999999998403,30892,scan_h_7,2.8278678035611122,48.83588406910231
227,23.02195501088276,51,0.08739999999999881,9548,scan_h_7,0.05083209340882888,48.88671616251114
228,25.300277696743233,52,0.17479999999999762,18920,scan_h_7,2.2783226858604735,51.165038848371616
229,27.387869063347626,53,0.034199999999998454,13003,scan_h_7,2.087591366604393,53.25263021497601
230,27.420011901943948,54,0.04940000000000211,1857,scan_h_7,0.03214283859632161,53.28477305357233
231,0.0,1,0.22799999999999976,12063,scan_h_8,0.0,21.439073381954056
232,0.019507913627872853,2,0.06840000000000046,30008,scan_h_8,0.019507913627872853,21.45858129558193
233,0.0693280575814228,3,0.030400000000000205,10245,scan_h_8,0.049820143953549945,21.50840143953548
234,0.09212805758142295,4,0.015200000000000102,7280,scan_h_8,0.022800000000000153,21.53120143953548
235,1.2457675228968164,5,0.04180000000000028,25437,scan_h_8,1.1536394653153934,22.684840904850873
236,1.2649127096053192,6,0.2355999999999998,21970,scan_h_8,0.019145186708502848,22.703986091559376
237,1.3016175357498128,7,0.030400000000000205,9851,scan_h_8,0.03670482614449355,22.74069091770387
238,1.3172364506303147,8,0.06080000000000041,7007,scan_h_8,0.015618914880501933,22.75630983258437
239,1.4366978416510996,9,0.022800000000000153,7175,scan_h_8,0.1194613910207849,22.875771223605156
240,5.590600479208952,10,0.015200000000000102,13827,scan_h_8,4.153902637557852,27.02967386116301
241,9.050226455825587,11,0.015200000000000102,31788,scan_h_8,3.4596259766166355,30.489299837779644
242,9.055415758433774,12,0.11020000000000074,17815,scan_h_8,0.005189302608187063,30.49448914038783
243,9.06621136157466,13,0.22799999999999976,10774,scan_h_8,0.01079560314088468,30.505284743528716
244,9.079182127691304,14,0.02660000000000018,20945,scan_h_8,0.012970766116644938,30.51825550964536
245,9.210342445778842,15,0.04180000000000028,31552,scan_h_8,0.13116031808753803,30.6494158277329
246,9.230463309022973,16,0.019000000000000128,19388,scan_h_8,0.02012086324413076,30.66953669097703
247,10.077421986926911,17,0.03420000000000023,13505,scan_h_8,0.8469586779039382,31.516495368880967
248,10.119170337223313,18,0.022800000000000153,30466,scan_h_8,0.04174835029640178,31.55824371917737
249,10.128054675203224,19,0.08740000000000059,29594,scan_h_8,0.008884337979910839,31.56712805715728
250,10.83084405049696,20,0.022800000000000153,26227,scan_h_8,0.7027893752937366,32.26991743245102
251,10.843607193860134,21,0.29639999999999844,14475,scan_h_8,0.012763143363173413,32.28268057581419
252,10.847970503201207,22,0.04940000000000033,18788,scan_h_8,0.004363309341073318,32.28704388515526
253,10.862607193860132,23,0.12160000000000082,26663,scan_h_8,0.014636690658925033,32.30168057581419
254,11.67920575432466,24,0.04560000000000031,25868,scan_h_8,0.8165985604645272,33.118279136278716
255,11.973217578571944,25,0.03420000000000023,12075,scan_h_8,0.2940118242472849,33.412290960526
256,13.302407913627878,26,0.04560000000000031,15158,scan_h_8,1.3291903350559338,34.741481295581934
257,13.89036690595304,27,0.04180000000000028,10869,scan_h_8,0.5879589923251629,35.3294402879071
258,13.894166905953039,28,0.022800000000000153,5156,scan_h_8,0.0037999999999982492,35.333240287907095
259,14.123302670969078,29,0.06460000000000043,20881,scan_h_8,0.22913576501603927,35.562376052923135
260,14.268208742660935,30,0.019000000000000128,13211,scan_h_8,0.14490607169185665,35.70728212461499
261,14.275007193860137,31,0.15960000000000107,16347,scan_h_8,0.0067984511992023045,35.714080575814194
262,14.279885610371107,32,0.04560000000000031,29137,scan_h_8,0.00487841651096943,35.71895899232516
263,15.616269063347627,33,0.038000000000000256,17628,scan_h_8,1.33638345297652,37.05534244530168
264,15.628045322464015,34,0.1595999999999993,12336,scan_h_8,0.011776259116388132,37.06711870441807
265,15.62888561037111,35,0.019000000000000128,28593,scan_h_8,0.0008402879070956715,37.06795899232517
266,16.30404540243821,36,0.019000000000000128,14131,scan_h_8,0.6751597920670989,37.743118784392266
267,16.321965466417563,37,0.04940000000000033,26532,scan_h_8,0.01792006397935353,37.76103884837162
268,16.706357940944205,38,0.019000000000000128,20274,scan_h_8,0.38439247452664205,38.14543132289826
269,16.715256446776063,39,0.05320000000000036,25564,scan_h_8,0.008898505831858472,38.15432982873012
270,16.723613908511314,40,0.07220000000000049,32021,scan_h_8,0.008357461735251093,38.16268729046537
271,16.782443884519058,41,0.10260000000000069,26568,scan_h_8,0.05882997600774331,38.221517266473114
272,16.814418703781865,42,0.07980000000000054,12073,scan_h_8,0.031974819262806875,38.25349208573592
273,17.511766905953042,43,0.04940000000000033,19409,scan_h_8,0.6973482021711774,38.9508402879071
274,17.684198559828314,44,0.04180000000000028,10151,scan_h_8,0.1724316538752717,39.12327194178237
275,19.232020004212682,45,0.04940000000000033,8278,scan_h_8,1.5478214443843683,40.67109338616674
276,19.235491716966838,46,0.019000000000000128,12847,scan_h_8,0.003471712754155476,40.674565098920894
277,19.241327097891105,47,0.04560000000000031,30948,scan_h_8,0.005835380924267497,40.68040047984516
278,20.62988633013885,48,0.04180000000000028,1017,scan_h_8,1.3885592322477436,42.068959712092905
279,20.633686330138847,49,0.04180000000000028,1033,scan_h_8,0.0037999999999982492,42.0727597120929
280,22.075065106533696,50,0.022800000000000153,10695,scan_h_8,1.4413787763948491,43.51413848848775
281,22.08054676113193,51,0.04560000000000031,14607,scan_h_8,0.0054816545982347975,43.51962014308599
282,22.66307683302195,52,0.03420000000000023,19433,scan_h_8,0.5825300718900195,44.10215021497601
283,22.675998970669728,53,0.022800000000000153,11033,scan_h_8,0.012922137647777276,44.115072352623784
284,22.87847285779257,54,0.02660000000000018,7818,scan_h_8,0.2024738871228422,44.317546239746626
285,24.647426813478678,55,0.011400000000000077,11580,scan_h_8,1.7689539556861078,46.086500195432734
286,24.682805754324658,56,0.04940000000000033,12071,scan_h_8,0.03537894084598037,46.121879136278714
287,26.522858616711186,57,0.29639999999999844,1235,scan_h_8,1.8400528623865284,47.96193199866524
288,26.525171660189454,58,0.030400000000000205,920,scan_h_8,0.0023130434782672182,47.96424504214351
289,27.742524698665303,59,0.11780000000000079,30450,scan_h_8,1.2173530384758493,49.18159808061936
290,27.81782071785911,60,0.04560000000000031,19923,scan_h_8,0.07529601919380724,49.25689409981317
291,27.840956833021952,61,0.08740000000000059,20673,scan_h_8,0.023136115162841975,49.28003021497601
292,27.861665646359494,62,0.08360000000000056,9812,scan_h_8,0.020708813337542153,49.30073902831355
293,27.87420554867673,63,0.08360000000000056,30433,scan_h_8,0.01253990231723634,49.31327893063079
294,29.48677645402859,64,0.08740000000000059,27239,scan_h_8,1.612570905351859,50.925849835982646
295,0.0,1,0.015200000000000102,25135,scan_h_9,0.0,27.508440287907096
296,0.561832230325674,2,0.10640000000000072,27375,scan_h_9,0.561832230325674,28.07027251823277
297,0.690707114522148,3,0.030400000000000205,21885,scan_h_9,0.12887488419647397,28.199147402429244
298,0.7011718398672784,4,0.09880000000000067,23696,scan_h_9,0.010464725345130432,28.209612127774374
299,0.8099318663201487,5,0.015200000000000102,29751,scan_h_9,0.1087600264528703,28.318372154227244
300,2.513621931599765,6,0.057000000000000384,32571,scan_h_9,1.7036900652796163,30.02206221950686
301,2.519400000000001,7,0.057000000000000384,25341,scan_h_9,0.0057780684002359806,30.027840287907097
302,2.5291431970275404,8,0.022800000000000153,32745,scan_h_9,0.009743197027539452,30.037583484934636
303,2.5330744091030404,9,0.05320000000000036,6186,scan_h_9,0.003931212075499957,30.041514697010136
304,2.5374265635600963,10,0.18239999999999945,7563,scan_h_9,0.004352154457055946,30.045866851467192
305,3.831987050542793,11,0.11020000000000074,10418,scan_h_9,1.2945604869826965,31.34042733844989
306,3.840614781014896,12,0.03420000000000023,28650,scan_h_9,0.008627730472102968,31.34905506892199
307,5.067345716279174,13,0.03420000000000023,23527,scan_h_9,1.2267309352642783,32.57578600418627
308,6.192429124362537,14,0.04940000000000033,29141,scan_h_9,1.1250834080833627,33.70086941226963
309,8.294802347711236,15,0.038000000000000256,20238,scan_h_9,2.1023732233486996,35.80324263561833
310,8.29530518498812,16,0.11400000000000077,10211,scan_h_9,0.0005028372768833833,35.803745472895216
311,8.311909688418748,17,0.18239999999999945,13131,scan_h_9,0.016604503430627915,35.82034997632584
312,10.936080267342302,18,0.022800000000000153,22848,scan_h_9,2.624170578923554,38.4445205552494
313,12.1329602581236,19,0.07600000000000051,27366,scan_h_9,1.196879990781298,39.641400546030695
314,12.144629895503375,20,0.022800000000000153,12319,scan_h_9,0.01166963737977511,39.65307018341047
315,12.174238848371619,21,0.04180000000000028,28302,scan_h_9,0.029608952868244387,39.682679136278715
316,12.179715615896168,22,0.07220000000000049,23602,scan_h_9,0.00547676752454862,39.68815590380326
317,12.198515439248052,23,0.030400000000000205,12411,scan_h_9,0.018799823351884015,39.70695572715515
318,12.201210071295119,24,0.02660000000000018,28492,scan_h_9,0.0026946320470671026,39.709650359202215
319,12.775346967374755,25,0.03420000000000023,21678,scan_h_9,0.5741368960796365,40.28378725528185
320,12.797198560464526,26,0.06460000000000043,17682,scan_h_9,0.021851593089770915,40.30563884837162
321,12.910428776394848,27,0.05320000000000036,27351,scan_h_9,0.11323021593032223,40.418869064301944
322,13.003600000000002,28,0.015200000000000102,16863,scan_h_9,0.09317122360515384,40.5120402879071
323,13.265585058318603,29,0.04180000000000028,30747,scan_h_9,0.26198505831860075,40.7740253462257
324,13.323458512480013,30,0.06460000000000043,17102,scan_h_9,0.057873454161409654,40.83189880038711
325,13.333238848371618,31,0.05320000000000036,20752,scan_h_9,0.009780335891605318,40.841679136278714
326,13.679092762790138,32,0.09500000000000064,22794,scan_h_9,0.34585391441851954,41.18753305069723
327,13.680758010823705,33,0.12160000000000082,18602,scan_h_9,0.0016652480335679343,41.1891982987308
328,13.68977362044517,34,0.07600000000000051,9929,scan_h_9,0.009015609621464193,41.198213908352265
329,13.727187050542792,35,0.030400000000000205,32482,scan_h_9,0.037413430097622324,41.23562733844989
330,13.96076438867458,36,0.11020000000000074,25381,scan_h_9,0.23357733813178783,41.469204676581676
331,13.972407319535034,37,0.057000000000000384,28671,scan_h_9,0.01164293086045376,41.48084760744213
332,14.060420503837417,38,0.03420000000000023,17312,scan_h_9,0.08801318430238325,41.56886079174451
333,14.06399338068164,39,0.030400000000000205,9147,scan_h_9,0.0035728768442240266,41.57243366858874
334,14.077358683853273,40,0.05320000000000036,9245,scan_h_9,0.013365303171632092,41.58579897176037
335,14.098225419069248,41,0.04180000000000028,8961,scan_h_9,0.02086673521597504,41.606665706976344
336,14.109054675627359,42,0.08740000000000059,12466,scan_h_9,0.010829256558110956,41.617494963534455
337,15.0360343719375,43,0.11019999999999897,28265,scan_h_9,0.9269796963101413,42.544474659844596
338,18.040605275115706,44,0.06460000000000043,9210,scan_h_9,3.0045709031782053,45.5490455630228
339,19.489528056627105,45,0.04940000000000033,8400,scan_h_9,1.4489227815113992,46.9979683445342
340,19.49813812860388,46,0.04560000000000031,5365,scan_h_9,0.008610071976775657,47.006578416510976
341,21.95264892034839,47,0.12540000000000084,6463,scan_h_9,2.454510791744511,49.46108920825549
342,22.064677696743242,48,0.08740000000000059,23020,scan_h_9,0.11202877639485109,49.57311798465034
343,0.0,1,0.05319999999999858,8813,scan_h_10,0.0,16.380720863721283
344,9.835400719767737,2,0.030400000000000205,31813,scan_h_10,9.835400719767737,26.21612158348902
345,11.40433956813936,3,0.02660000000000018,31861,scan_h_10,1.568938848371623,27.785060431860643
346,11.407182322458254,4,0.022800000000000153,14152,scan_h_10,0.0028427543188946913,27.787903186179538
347,11.413149550145164,5,0.038000000000000256,22557,scan_h_10,0.005967227686909382,27.793870413866447
348,11.415439808061937,6,0.09119999999999884,19802,scan_h_10,0.002290257916772731,27.79616067178322
349,13.256982528106182,7,0.04940000000000033,29418,scan_h_10,1.8415427200442451,29.637703391827465
350,13.3890672936671,8,0.06840000000000046,31928,scan_h_10,0.13208476556091853,29.769788157388383
351,14.20867212212194,9,0.06080000000000041,12041,scan_h_10,0.819604828454839,30.589392985843222
352,14.326539568139356,10,0.06079999999999863,30792,scan_h_10,0.11786744601741717,30.70726043186064
353,14.330339568139358,11,0.2051999999999996,15270,scan_h_10,0.003800000000001802,30.71106043186064
354,18.90263884837162,12,0.3305999999999987,21388,scan_h_10,4.5722992802322615,35.2833597120929
355,18.93324303263253,13,0.13299999999999912,13889,scan_h_10,0.03060418426090905,35.31396389635381
356,18.948736896079634,14,0.06080000000000041,31040,scan_h_10,0.015493863447105127,35.32945775980092
357,19.126251181793922,15,0.05320000000000036,25466,scan_h_10,0.17751428571428818,35.506972045515205
358,19.140468242391893,16,0.05320000000000036,21037,scan_h_10,0.014217060597971454,35.52118910611318
359,19.140959712092904,17,0.10259999999999891,23361,scan_h_10,0.0004914697010107716,35.52168057581419
360,19.14111366898025,18,0.030400000000000205,30197,scan_h_10,0.00015395688734543,35.52183453270153
361,19.156159712092904,19,0.015200000000000102,20825,scan_h_10,0.015046043112654672,35.53688057581419
362,19.163417425891335,20,0.02660000000000018,20689,scan_h_10,0.007257713798431098,35.54413828961262
363,19.18453213372044,21,0.057000000000000384,20168,scan_h_10,0.021114707829106294,35.565252997441725
364,19.716719664108393,22,0.038000000000000256,10272,scan_h_10,0.5321875303879509,36.097440527829676
365,19.805240287907093,23,0.13299999999999912,29266,scan_h_10,0.08852062379870063,36.185961151628376
366,19.820354222652337,24,0.09119999999999884,15752,scan_h_10,0.01511393474524425,36.20107508637362
367,19.824202095972876,25,0.06839999999999868,19007,scan_h_10,0.003847873320538042,36.20492295969416
368,19.835272741170858,26,0.03420000000000023,13639,scan_h_10,0.011070645197982287,36.21599360489214
369,19.83954676184044,27,0.06840000000000046,19406,scan_h_10,0.004274020669583933,36.220267625561725
370,19.993199640116135,28,0.015200000000000102,14242,scan_h_10,0.15365287827569318,36.37392050383742
371,19.993306474728602,29,0.06079999999999863,11049,scan_h_10,0.0001068346124668551,36.374027338449885
372,20.09541650873916,30,0.06840000000000046,23706,scan_h_10,0.10211003401055763,36.47613737246044
373,20.714497019468393,31,0.038000000000000256,6146,scan_h_10,0.6190805107292334,37.095217883189676
374,21.034201881001298,32,0.05320000000000036,949,scan_h_10,0.3197048615329052,37.41492274472258
375,21.042083812383236,33,0.27360000000000007,931,scan_h_10,0.007881931381938045,37.42280467610452
376,21.081543663076534,34,0.019000000000000128,1046,scan_h_10,0.03945985069329794,37.46226452679782
377,21.08398387451445,35,0.06079999999999863,855,scan_h_10,0.002440211437914286,37.46470473823573
378,21.086604564169622,36,0.09119999999999884,959,scan_h_10,0.0026206896551741465,37.467325427890906
379,23.77594791362787,37,0.04940000000000033,23690,scan_h_10,2.689343349458248,40.156668777349154
380,24.508746402751836,38,0.04559999999999853,22562,scan_h_10,0.7327984891239652,40.88946726647312
381,24.52354730206387,39,0.038000000000000256,30534,scan_h_10,0.014800899312035654,40.904268165785155
382,24.529513668980254,40,0.07220000000000049,29176,scan_h_10,0.005966366916382526,40.91023453270154
383,25.104576018345536,41,0.04560000000000031,19808,scan_h_10,0.5750623493652824,41.48529688206682
384,25.283014099813176,42,0.04940000000000033,28054,scan_h_10,0.17843808146763962,41.66373496353446
385,25.28637829654969,43,0.05320000000000036,24279,scan_h_10,0.003364196736512781,41.66709916027097
386,25.298809659999275,44,0.04560000000000031,15703,scan_h_10,0.012431363449586286,41.67953052372056
387,25.311090535956343,45,0.022800000000000153,24504,scan_h_10,0.012280875957067394,41.691811399677626
388,26.377723740065637,46,0.038000000000000256,18005,scan_h_10,1.0666332041092943,42.75844460378692
389,26.388529495480935,47,0.04940000000000033,7356,scan_h_10,0.010805755415297824,42.76925035920222
390,26.409106679467666,48,0.08360000000000056,31959,scan_h_10,0.02057718398673103,42.78982754318895
391,28.567117984650334,49,0.05319999999999858,18804,scan_h_10,2.1580113051826686,44.94783884837162
392,29.7220781765884,50,0.030400000000000205,23418,scan_h_10,1.1549601919380663,46.102799040309684
393,29.7828781765884,51,0.04940000000000033,25752,scan_h_10,0.06080000000000041,46.163599040309684
394,29.795118206117333,52,0.06080000000000041,10787,scan_h_10,0.012240029528932439,46.17583906983862
395,31.08730503519313,53,0.06080000000000041,18685,scan_h_10,1.2921868290757956,47.46802589891441
396,31.095478416510975,54,0.05319999999999858,31191,scan_h_10,0.008173381317845951,47.47619928023226
397,31.102411269999156,55,0.05319999999999858,28002,scan_h_10,0.006932853488180513,47.48313213372044
398,31.10635845249936,56,0.015200000000000102,20663,scan_h_10,0.003947182500205315,47.487079316220644
399,31.11827841651098,57,0.06079999999999863,13580,scan_h_10,0.011919964011617878,47.49899928023226
400,32.45863273273163,58,0.04940000000000033,29891,scan_h_10,1.3403543162206546,48.839353596452916
401,32.47457098209206,59,0.02660000000000018,7587,scan_h_10,0.015938249360424095,48.85529184581334
402,36.48429438772027,60,0.11019999999999897,1161,scan_h_10,4.009723405628215,52.865015251441555
403,36.691661869487504,61,0.09120000000000061,21804,scan_h_10,0.2073674817672284,53.072382733208784
404,36.71951762476647,62,0.09880000000000067,20307,scan_h_10,0.027855755278970662,53.100238488487754
405,36.74335755278969,63,0.11019999999999897,16437,scan_h_10,0.023839928023221546,53.124078416510976
406,36.75747266075486,64,0.09880000000000067,6295,scan_h_10,0.01411510796516069,53.13819352447614
407,36.77547769674324,65,0.038000000000000256,16113,scan_h_10,0.018005035988387874,53.156198560464524
408,0.0,1,0.02660000000000018,22719,scan_h_11,0.0,30.732078531163054
409,0.007050102232554423,2,0.07599999999999874,15678,scan_h_11,0.007050102232554423,30.73912863339561
410,1.9649401739891061,3,0.08359999999999879,1303,scan_h_11,1.9578900717565517,32.69701870515216
411,1.9681555586044865,4,0.03420000000000023,1326,scan_h_11,0.003215384615380401,32.70023408976754
412,1.9734792190836714,5,0.03420000000000023,914,scan_h_11,0.005323660479184866,32.705557750246726
413,1.9777308767797734,6,0.03039999999999843,992,scan_h_11,0.004251657696102029,32.70980940794283
414,1.9804794225579485,7,0.030400000000000205,1266,scan_h_11,0.002748545778175071,32.712557953721
415,6.054620186187634,8,0.07219999999999871,23097,scan_h_11,4.074140763629686,36.78669871735069
416,6.0638723601006745,9,0.08739999999999881,30713,scan_h_11,0.009252173913040451,36.79595089126373
417,6.759962236589203,10,0.06079999999999863,18457,scan_h_11,0.6960898764885286,37.49204076775226
418,6.809161916692425,11,0.05699999999999861,26015,scan_h_11,0.04919968010322151,37.54124044785548
419,11.542287656453716,12,0.2051999999999996,19965,scan_h_11,4.733125739761292,42.27436618761677
420,12.355337706843216,13,0.02660000000000018,29348,scan_h_11,0.8130500503894993,43.08741623800627
421,13.768800605115658,14,0.026599999999998403,28627,scan_h_11,1.4134628982724422,44.50087913627871
422,13.77723064110404,15,0.06079999999999863,21637,scan_h_11,0.008430035988382656,44.509309172267095
423,14.4403354971505,16,0.08739999999999881,29860,scan_h_11,0.6631048560464592,45.172414028313554
424,14.454136432371406,17,0.12539999999999907,23431,scan_h_11,0.013800935220906752,45.18621496353446
425,14.460880461162112,18,0.14819999999999922,23223,scan_h_11,0.006744028790706125,45.19295899232517
426,16.586764110612435,19,0.13679999999999914,17915,scan_h_11,2.125883649450323,47.31884264177549
427,22.051853842479957,20,0.09880000000000067,18291,scan_h_11,5.465089731867522,52.78393237364301
428,22.069492074816672,21,0.09880000000000067,4828,scan_h_11,0.01763823233671502,52.80157060597973
429,0.0,1,0.04940000000000033,15107,scan_h_12,0.0,14.543855461522579
430,0.04726540219870934,2,0.038000000000000256,13073,scan_h_12,0.04726540219870934,14.591120863721288
431,0.06928554615225657,3,0.05320000000000036,16180,scan_h_12,0.022020143953547233,14.613141007674836
432,0.07375936531298599,4,0.02660000000000018,26724,scan_h_12,0.00447381916072942,14.617614826835565
433,0.09255071208624166,5,0.038000000000000256,32287,scan_h_12,0.01879134677325567,14.63640617360882
434,0.10778585462414547,6,0.04180000000000028,12219,scan_h_12,0.015235142537903812,14.651641316146724
435,0.12277021690362133,7,0.21280000000000143,3836,scan_h_12,0.01498436227947586,14.6666256784262
436,1.164465402198708,8,0.038000000000000256,31494,scan_h_12,1.0416951852950866,15.708320863721287
437,3.271340312227739,9,0.05320000000000036,29610,scan_h_12,2.106874910029031,17.815195773750318
438,3.8258492870358687,10,0.06080000000000041,8102,scan_h_12,0.5545089748081296,18.369704748558448
439,12.911135794935582,11,0.057000000000000384,30212,scan_h_12,9.085286507899713,27.45499125645816
440,15.442402298278342,12,0.08740000000000059,16521,scan_h_12,2.53126650334276,29.98625775980092
441,15.461417152679228,13,0.17099999999999937,25618,scan_h_12,0.01901485440088635,30.005272614201807
442,23.674304250570327,14,0.06080000000000041,15841,scan_h_12,8.212887097891098,38.218159712092906
443,23.67457523372273,15,0.04940000000000033,29366,scan_h_12,0.0002709831524043693,38.21843069524531
444,35.01697532926762,16,0.03420000000000023,14499,scan_h_12,11.342400095544889,49.5608307907902
445,35.03070353080258,17,0.11780000000000079,20071,scan_h_12,0.0137282015349669,49.574558992325166
446,0.0,1,0.05320000000000036,21131,scan_h_13,0.0,15.85281350361409
447,0.03172154299751995,2,0.11020000000000074,31077,scan_h_13,0.03172154299751995,15.88453504661161
448,0.0430512449443583,3,0.057000000000000384,10667,scan_h_13,0.011329701946838355,15.895864748558449
449,2.550844256186828,4,0.05320000000000036,19057,scan_h_13,2.5077930112424696,18.403657759800918
450,2.562800565481819,5,0.03420000000000023,17875,scan_h_13,0.01195630929499103,18.41561406909591
451,2.5729113789042586,6,0.04940000000000033,8873,scan_h_13,0.01011081342243969,18.42572488251835
452,2.58965268378579,7,0.03420000000000023,32488,scan_h_13,0.01674130488153125,18.44246618739988
453,2.598045489771426,8,0.09120000000000061,15295,scan_h_13,0.008392805985636187,18.450858993385516
454,2.9343864963859083,9,0.05320000000000036,494,scan_h_13,0.3363410066144823,18.7872
455,17.23495881997027,10,0.07980000000000054,19625,scan_h_13,14.300572323584362,33.08777232358436
456,18.53917797431107,11,0.06460000000000043,17438,scan_h_13,1.3042191543407995,34.39199147792516
457,18.548227195588854,12,0.14440000000000097,13646,scan_h_13,0.009049221277784625,34.401040699202944
458,19.063226784293004,13,0.04940000000000033,18675,scan_h_13,0.5149995887041499,34.916040287907094
459,20.655426784293002,14,0.04940000000000033,29202,scan_h_13,1.5921999999999983,36.50824028790709
460,20.67944137847918,15,0.057000000000000384,18891,scan_h_13,0.024014594186176907,36.53225488209327
461,20.684204721595027,16,0.05320000000000036,28748,scan_h_13,0.004763343115847363,36.53701822520912
462,20.693460956560106,17,0.09120000000000061,27685,scan_h_13,0.009256234965079102,36.546274460174196
463,20.698826064525267,18,0.1330000000000009,32649,scan_h_13,0.005365107965161542,36.55163956813936
464,21.06568098083866,19,0.057000000000000384,412,scan_h_13,0.3668549163133932,36.91849448445275
465,21.068571378383982,20,0.13680000000000092,451,scan_h_13,0.0028903975453218322,36.92138488199807
466,21.07199097065801,21,0.05320000000000036,362,scan_h_13,0.003419592274028105,36.9248044742721
467,21.072797340447213,22,0.04180000000000028,1349,scan_h_13,0.0008063697892026767,36.9256108440613
468,21.07642772972814,23,0.08360000000000056,1173,scan_h_13,0.0036303892809286253,36.92924123334223
469,22.134146208478814,24,0.2774000000000001,20681,scan_h_13,1.0577184787506724,37.986959712092904
470,22.710734697648217,25,0.28499999999999837,28405,scan_h_13,0.5765884891694029,38.56354820126231
471,27.791397184624802,26,0.26980000000000004,7540,scan_h_13,5.0806624869765855,43.64421068823889
472,28.46616184379649,27,0.08360000000000056,24217,scan_h_13,0.6747646591716858,44.31897534741058
473,28.472454430305913,28,0.1330000000000009,26907,scan_h_13,0.006292586509424325,44.32526793392
474,28.57164903144894,29,0.15580000000000105,21306,scan_h_13,0.0991946011430258,44.42446253506303
475,0.0,1,0.09120000000000061,16081,scan_h_14,0.0,38.99075971209291
476,4.980322397953373,2,0.03420000000000023,28228,scan_h_14,4.980322397953373,43.97108211004628
477,4.986887865643354,3,0.057000000000000384,29600,scan_h_14,0.006565467689981119,43.97764757773626
478,5.007001599483857,4,0.11400000000000077,21648,scan_h_14,0.0201137338405033,43.99776131157677
479,0.0,1,0.06840000000000046,19559,scan_h_15,0.0,18.30362046385032
480,0.003800000000001802,2,0.02660000000000018,9838,scan_h_15,0.003800000000001802,18.30742046385032
481,0.010104800910511358,3,0.1595999999999993,24968,scan_h_15,0.006304800910509556,18.31372526476083
482,1.7401399680103253,4,0.12539999999999907,26336,scan_h_15,1.730035167099814,20.043760431860644
483,1.748800039987099,5,0.06840000000000046,29922,scan_h_15,0.008660071976773764,20.052420503837418
484,21.041893376293462,6,0.030400000000000205,13358,scan_h_15,19.293093336306363,39.34551384014378
485,21.050643455769002,7,0.06079999999999863,17730,scan_h_15,0.008750079475539962,39.35426391961932
486,21.062427977183088,8,0.06460000000000043,29242,scan_h_15,0.011784521414085702,39.366048441033406
487,21.566620783747094,9,0.05319999999999858,27921,scan_h_15,0.5041928065640064,39.87024124759741
488,22.30255055342526,10,0.04559999999999853,29464,scan_h_15,0.7359297696781653,40.60617101727558
489,22.54686047184774,11,0.022800000000000153,22998,scan_h_15,0.24430991842248062,40.85048093569806
490,22.580861140203492,12,0.06839999999999868,13043,scan_h_15,0.034000668355751884,40.88448160405381
491,22.587140927700634,13,0.05319999999999858,28128,scan_h_15,0.0062797874971423084,40.89076139155095
492,24.31892162228323,14,0.04559999999999853,24035,scan_h_15,1.7317806945825964,42.62254208613355
493,0.0,1,0.07220000000000049,32567,scan_h_16,0.0,17.167894245039136
494,0.009829976007740271,2,0.03420000000000023,30507,scan_h_16,0.009829976007740271,17.177724221046876
495,0.8921062630322112,3,0.022800000000000153,28562,scan_h_16,0.8822762870244709,18.060000508071347
496,0.9019190835780435,4,0.04940000000000033,16584,scan_h_16,0.009812820545832324,18.06981332861718
497,21.39559122328705,5,0.02660000000000018,30125,scan_h_16,20.493672139709005,38.563485468326185
498,21.418987290465374,6,0.030400000000000205,18015,scan_h_16,0.023396067178325097,38.58688153550451
499,21.422307014554406,7,0.019000000000000128,23833,scan_h_16,0.003319724089031695,38.59020125959354
500,21.43880996938003,8,0.09880000000000067,31909,scan_h_16,0.016502954825625693,38.60670421441917
501,21.45120441961265,9,0.10640000000000072,24868,scan_h_16,0.012394450232619647,38.61909866465179
502,23.002065467053768,10,0.02660000000000018,29121,scan_h_16,1.550861047441117,40.169959712092904
503,23.194907194496338,11,0.06460000000000043,30178,scan_h_16,0.19284172744256978,40.362801439535474
504,23.225284378483067,12,0.09879999999999978,18896,scan_h_16,0.030377183986729506,40.3931786235222
505,23.565968511490887,13,0.038000000000000256,18776,scan_h_16,0.3406841330078194,40.73386275653002
506,23.78486546705377,14,0.02660000000000018,24822,scan_h_16,0.21889695556288302,40.952759712092906
507,23.789999279987562,15,0.04560000000000031,24345,scan_h_16,0.0051338129337921146,40.9578935250267
508,23.976094484961713,16,0.02660000000000018,18172,scan_h_16,0.18609520497415133,41.14398873000085
509,24.002403885473363,17,0.04560000000000031,23839,scan_h_16,0.026309400511649983,41.1702981305125
510,24.10660409469248,18,0.10260000000000069,1178,scan_h_16,0.10420020921911544,41.274498339731615
511,24.1100674064674,19,0.08740000000000059,909,scan_h_16,0.0034633117749223175,41.27796165150654
512,24.11016341544316,20,0.09880000000000067,762,scan_h_16,9.600897575978706e-05,41.2780576604823
513,24.111572301666243,21,0.10640000000000072,1309,scan_h_16,0.0014088862230821064,41.27946654670538
514,24.114288488714962,22,0.09120000000000061,1271,scan_h_16,0.002716187048719121,41.2821827337541
515,0.0,1,0.04180000000000028,24628,scan_h_17,0.0,9.897100719767739
516,0.007634532367859492,2,0.019000000000000128,18668,scan_h_17,0.007634532367859492,9.904735252135598
517,0.7448000000000015,3,0.06459999999999955,31299,scan_h_17,0.737165467632142,10.64190071976774
518,7.559339568139354,4,0.038000000000000256,21242,scan_h_17,6.814539568139352,17.456440287907093
519,9.222980175943228,5,0.04179999999999939,23962,scan_h_17,1.663640607803874,19.120080895710966
520,9.230649051649031,6,0.015200000000000102,11920,scan_h_17,0.007668875705803657,19.12774977141677
521,9.23643194241858,7,0.07979999999999965,16984,scan_h_17,0.005782890769548743,19.13353266218632
522,15.141622302063869,8,0.007600000000000051,32063,scan_h_17,5.905190359645289,25.038723021831608
523,15.186243740883615,9,0.07599999999999962,24346,scan_h_17,0.04462143881974612,25.083344460651354
524,16.4751372300871,10,0.07599999999999962,29152,scan_h_17,1.2888934892034847,26.37223794985484
525,16.48711050351931,11,0.08359999999999967,29115,scan_h_17,0.011973273432211329,26.38421122328705
526,16.48781972056076,12,0.019000000000000128,16373,scan_h_17,0.0007092170414502164,26.3849204403285
527,20.13202302302451,13,0.03420000000000023,18851,scan_h_17,3.6442033024637475,30.029123742792247
528,23.591541007674838,14,0.07979999999999965,26590,scan_h_17,3.4595179846503292,33.48864172744258
529,23.72834100767484,15,0.056999999999999496,14143,scan_h_17,0.13680000000000092,33.62544172744258
530,23.735180472990233,16,0.03799999999999937,29125,scan_h_17,0.006839465315394477,33.63228119275797
531,23.752356834930577,17,0.12919999999999998,22985,scan_h_17,0.017176361940343554,33.649457554698316
532,27.971702158212576,18,0.019000000000000128,28852,scan_h_17,4.219345323281999,37.868802877980315
533,34.093452683452114,19,0.133,31553,scan_h_17,6.121750525239541,43.990553403219856
534,35.70937677223644,20,0.057000000000000384,23969,scan_h_17,1.6159240887843254,45.60647749200418
535,35.71639773832726,21,0.02660000000000018,20385,scan_h_17,0.007020966090813374,45.613498458094995
536,35.72463467562736,22,0.06080000000000041,20592,scan_h_17,0.00823693730010433,45.6217353953951
537,35.73254532628128,23,0.03799999999999937,20411,scan_h_17,0.007910650653919049,45.62964604604902
538,35.75359525968486,24,0.049399999999999444,24770,scan_h_17,0.021049933403581633,45.6506959794526
539,35.905058992325166,25,0.06079999999999952,21166,scan_h_17,0.151463732640309,45.80215971209291
540,0.0,1,0.07220000000000049,26892,scan_h_18,0.0,7.512093374076193
541,0.25218384441240627,2,0.007600000000000051,28379,scan_h_18,0.25218384441240627,7.7642772184885995
542,2.3168272497225137,3,0.24319999999999986,26381,scan_h_18,2.0646434053101075,9.828920623798707
543,2.3354792161333533,4,0.07980000000000054,31670,scan_h_18,0.01865196641083955,9.847572590209547
544,5.825627489645094,5,0.04180000000000028,26212,scan_h_18,3.490148273511741,13.337720863721287
545,5.85844751363735,6,0.03420000000000023,28874,scan_h_18,0.03282002399225625,13.370540887713544
546,11.566137664218612,7,0.011400000000000077,16806,scan_h_18,5.7076901505812625,19.078231038294806
547,11.58984407414927,8,0.10639999999999983,11682,scan_h_18,0.023706409930657202,19.101937448225463
548,20.98553540390917,9,0.2469999999999999,17647,scan_h_18,9.395691329759902,28.497628777985366
549,31.515460871599153,10,0.015200000000000102,27551,scan_h_18,10.529925467689981,39.02755424567535
550,34.63896651795864,11,0.06080000000000041,852,scan_h_18,3.12350564635949,42.15105989203484
551,36.41185617606897,12,0.04560000000000031,25456,scan_h_18,1.77288965811033,43.92394955014517
552,36.80852254303123,13,0.04560000000000031,16280,scan_h_18,0.39666636696225765,44.320615917107425
553,36.81232254303123,14,0.07220000000000049,27887,scan_h_18,0.0037999999999982492,44.32441591710742
554,36.81873460584496,15,0.019000000000000128,23597,scan_h_18,0.0064120628137303015,44.33082797992115
555,36.8229748683157,16,0.24319999999999986,29015,scan_h_18,0.004240262470737832,44.33506824239189
556,37.34154615172388,17,0.04560000000000031,29131,scan_h_18,0.5185712834081855,44.85363952580008
557,37.361586276322335,18,0.04560000000000031,20016,scan_h_18,0.02004012459845228,44.87367965039853
558,37.43291094453024,19,0.23939999999999984,14446,scan_h_18,0.0713246682079074,44.945004318606436
559,37.46386921708766,20,0.06460000000000043,24802,scan_h_18,0.03095827255742023,44.97596259116386
560,37.5114332456663,21,0.07599999999999962,17491,scan_h_18,0.04756402857864117,45.0235266197425
561,37.52691957653776,22,0.09119999999999973,16815,scan_h_18,0.015486330871453902,45.03901295061395
562,0.0,1,0.04559999999999942,8367,scan_h_19,0.0,10.575760551821935
563,0.0028300959690312766,2,0.04179999999999939,22727,scan_h_19,0.0028300959690312766,10.578590647790966
564,1.2892749700096768,3,0.06839999999999957,30810,scan_h_19,1.2864448740406456,11.865035521831611
565,1.307699880038708,4,0.04560000000000031,11957,scan_h_19,0.01842491002903124,11.883460431860643
566,1.3303074530253287,5,0.0873999999999997,19854,scan_h_19,0.02260757298662064,11.906068004847263
567,1.3318239088294188,6,0.007599999999999163,22024,scan_h_19,0.0015164558040901,11.907584460651353
568,1.3381859232247741,7,0.07599999999999962,14094,scan_h_19,0.006362014395355331,11.913946475046709
569,1.3507686320205323,8,0.030400000000000205,16060,scan_h_19,0.01258270879575818,11.926529183842467
570,1.3535454000175946,9,0.01899999999999924,24903,scan_h_19,0.0027767679970622794,11.92930595183953
571,1.3569616880164936,10,0.03419999999999934,13250,scan_h_19,0.003416287998899037,11.932722239838428
572,1.3765235556624038,11,0.0873999999999997,23244,scan_h_19,0.01956186764591017,11.952284107484338
573,1.6846069545737627,12,0.03419999999999934,12132,scan_h_19,0.30808339891135894,12.260367506395697
574,1.9480859232247738,13,0.07599999999999962,23334,scan_h_19,0.26347896865101106,12.523846475046708
575,2.0964402479199986,14,0.0721999999999996,16140,scan_h_19,0.1483543246952248,12.672200799741933
576,2.1255603118993527,15,0.0721999999999996,14116,scan_h_19,0.02912006397935407,12.701320863721287
577,2.137999880038709,16,0.09879999999999978,23016,scan_h_19,0.012439568139356538,12.713760431860644
578,2.671936443773358,17,0.07599999999999962,22711,scan_h_19,0.5339365637346489,13.247696995595293
579,2.8646802159303206,18,0.06459999999999955,15928,scan_h_19,0.19274377215696248,13.440440767752255
580,2.8705493242883247,19,0.04559999999999942,10953,scan_h_19,0.005869108358004027,13.44630987611026
581,3.1120294522174525,20,0.049399999999999444,19062,scan_h_19,0.24148012792912787,13.687790004039387
582,3.1271159952015477,21,0.11400000000000077,32576,scan_h_19,0.015086542984095175,13.702876547023482
583,3.5431478656433537,22,0.08359999999999967,18390,scan_h_19,0.416031870441806,14.118908417465288
584,3.5446608796347707,23,0.07599999999999962,26141,scan_h_19,0.0015130139914170115,14.120421431456705
585,5.593138396943919,24,0.0038000000000000256,20815,scan_h_19,2.0484775173091485,16.168898948765854
586,5.593298330503819,25,0.09879999999999978,24640,scan_h_19,0.00015993355989962765,16.169058882325754
587,5.620174083493824,26,0.08359999999999967,31237,scan_h_19,0.026875752990004997,16.19593463531576
588,7.564340167945803,27,0.0721999999999996,26818,scan_h_19,1.9441660844519788,18.140100719767737
589,7.577464572936771,28,0.04559999999999942,22861,scan_h_19,0.01312440499096823,18.153225124758706
590,8.76427973608516,29,0.08359999999999967,27693,scan_h_19,1.1868151631483883,19.340040287907094
591,11.711773261356557,30,0.056999999999999496,31348,scan_h_19,2.9474935252713976,22.28753381317849
592,13.497511966410835,31,0.06079999999999952,28682,scan_h_19,1.7857387050542783,24.07327251823277
593,33.07548980901625,32,0.10639999999999983,14163,scan_h_19,19.577977842605414,43.65125036083818
594,34.112766070041275,33,0.056999999999999496,23924,scan_h_19,1.0372762610250277,44.68852662186321
595,34.139963190970306,34,0.07599999999999962,13992,scan_h_19,0.02719712092903137,44.71572374279224
596,0.0,1,0.08740000000000014,29908,scan_h_20,0.0,7.289450629796772
597,0.012829946017419935,2,0.06459999999999999,10246,scan_h_20,0.012829946017419935,7.3022805758141915
598,0.021789990310819185,3,0.05699999999999994,19534,scan_h_20,0.00896004429339925,7.311240620107591
599,0.02997460569543442,4,0.23940000000000028,21354,scan_h_20,0.008184615384615235,7.319425235492206
600,0.31677670229102084,5,0.1596000000000002,25001,scan_h_20,0.2868020965955864,7.6062273320877924
601,1.2715607504148405,6,0.04180000000000028,17508,scan_h_20,0.9547840481238197,8.561011380211612
602,1.2753607504148405,7,0.07600000000000007,22038,scan_h_20,0.0038000000000000256,8.564811380211612
603,1.2908702339245153,8,0.05699999999999994,23012,scan_h_20,0.015509483509674737,8.580320863721287
604,1.3018159687750206,9,0.1976,19483,scan_h_20,0.010945734850505318,8.591266598571792
605,2.444330853135737,10,0.07600000000000007,8799,scan_h_20,1.1425148843607165,9.733781482932509
606,5.449836161756879,11,0.07220000000000004,25136,scan_h_20,3.0055053086211423,12.739286791553651
607,5.461732276919717,12,0.08360000000000012,23393,scan_h_20,0.011896115162837617,12.751182906716489
608,5.465532276919717,13,0.011400000000000077,25076,scan_h_20,0.0038000000000000256,12.754982906716489
609,5.468389658110324,14,0.060799999999999965,12218,scan_h_20,0.0028573811906067448,12.757840287907095
610,6.445139202575527,15,0.053199999999999914,14685,scan_h_20,0.9767495444652035,13.734589832372299
611,6.510528803418255,16,0.04939999999999989,8934,scan_h_20,0.06538960084272816,13.799979433215027
612,6.516705723380017,17,0.06840000000000002,32114,scan_h_20,0.00617691996176184,13.806156353176789
613,6.564012198108619,18,0.25459999999999994,31513,scan_h_20,0.047306474728602055,13.85346282790539
614,7.042140897180145,19,0.04940000000000033,31526,scan_h_20,0.4781286990715259,14.331591526976917
615,7.052989658110324,20,0.18999999999999995,25661,scan_h_20,0.010848760930178614,14.342440287907095
616,7.064389658110324,21,0.08360000000000012,14696,scan_h_20,0.011400000000000077,14.353840287907095
617,7.068189658110324,22,0.019000000000000128,30738,scan_h_20,0.0038000000000000256,14.357640287907095
618,7.837679766075485,23,0.05699999999999994,30814,scan_h_20,0.7694901079651615,15.127130395872257
619,7.958009802063872,24,0.0950000000000002,14243,scan_h_20,0.12033003598838654,15.247460431860643
620,8.121902804157008,25,0.0038000000000000256,12368,scan_h_20,0.16389300209313618,15.41135343395378
621,8.200431385552898,26,0.10999773698412607,25440,scan_h_20,0.07852858139589003,15.48988201534967
622,8.208189658110324,27,0.0038000000000000256,20335,scan_h_20,0.007758272557426338,15.497640287907096
623,8.821220053982582,28,0.0950000000000002,27807,scan_h_20,0.6130303958722578,16.110670683779354
624,8.916949770074194,29,0.0950000000000002,20174,scan_h_20,0.0957297160916113,16.206400399870965
625,8.930189658110322,30,0.011400000000000077,12236,scan_h_20,0.013239888036128633,16.219640287907094
626,10.22070131262181,31,0.08740000000000014,1258,scan_h_20,1.2905116545114872,17.51015194241858
627,10.23209658709423,32,0.060799999999999965,1246,scan_h_20,0.01139527447242017,17.521547216891
628,11.19792323136624,33,0.09880000000000022,29075,scan_h_20,0.9658266442720098,18.48737386116301
629,11.47742994601742,34,0.06840000000000002,18653,scan_h_20,0.2795067146511805,18.76688057581419
630,11.48313489203484,35,0.060799999999999965,32708,scan_h_20,0.0057049460174205535,18.772585521831612
631,15.950165845249938,36,0.19379999999999997,15432,scan_h_20,4.467030953215097,23.23961647504671
632,16.937409802063872,37,0.12159999999999993,21564,scan_h_20,0.9872439568139342,24.226860431860644
633,16.97283714369481,38,0.011400000000000077,23606,scan_h_20,0.03542734163093897,24.262287773491582
634,19.015916049664824,39,0.13680000000000003,17363,scan_h_20,2.043078905970013,26.305366679461596
635,29.31338965811032,40,0.10260000000000025,32007,scan_h_20,10.297473608445497,36.60284028790709
636,29.317189658110326,41,0.011400000000000077,28795,scan_h_20,0.0038000000000053547,36.6066402879071
637,30.83434505541405,42,0.060799999999999965,22994,scan_h_20,1.5171553973037248,38.12379568521082
638,30.866182466795028,43,0.14440000000000008,17999,scan_h_20,0.03183741138097673,38.1556330965918
639,36.55370908229614,44,0.07600000000000007,24598,scan_h_20,5.687526615501106,43.843159712092906
640,0.0,1,0.015200000000000102,22364,scan_h_21,0.0,10.457240407868385
641,0.30483129505175555,2,0.007600000000000051,23571,scan_h_21,0.30483129505175555,10.76207170292014
642,0.307476185530156,3,0.07220000000000004,12954,scan_h_21,0.0026448904784004412,10.764716593398541
643,0.3140064685822743,4,0.007600000000000051,10694,scan_h_21,0.006530283052118335,10.77124687645066
644,0.32628822552722525,5,0.05699999999999994,25912,scan_h_21,0.012281756944950928,10.78352863339561
645,0.3311075666728698,6,0.1177999999999999,20392,scan_h_21,0.004819341145644529,10.788347974541255
646,3.1954833333333337,7,0.10260000000000025,28499,scan_h_21,2.864375766660464,13.652723741201719
647,4.253352974085674,8,0.33820000000000006,25910,scan_h_21,1.0578696407523402,14.710593381954059
648,4.36040023992258,9,0.0038000000000000256,14403,scan_h_21,0.10704726583690594,14.817640647790965
649,4.8389974820853325,10,0.04559999999999986,12599,scan_h_21,0.4785972421627527,15.296237889953717
650,4.852189329807302,11,0.053199999999999914,23113,scan_h_21,0.013191847721969907,15.309429737675687
651,5.325558739780453,12,0.1976,13209,scan_h_21,0.47336940997315047,15.782799147648838
652,5.360528225527226,13,0.02660000000000018,30791,scan_h_21,0.03496948574677283,15.81776863339561
653,5.3898587168445555,14,0.011400000000000077,23990,scan_h_21,0.029330491317329788,15.84709912471294
654,6.297599880038712,15,0.07600000000000007,32461,scan_h_21,0.9077411631941565,16.754840287907097
655,6.373599880038709,16,0.33820000000000006,21345,scan_h_21,0.07599999999999696,16.830840287907094
656,6.382501423958219,17,0.09879999999999978,13594,scan_h_21,0.008901543919510146,16.839741831826604
657,6.443817351932536,18,0.07220000000000004,14881,scan_h_21,0.06131592797431651,16.90105775980092
658,6.4495998800387095,19,0.3458000000000001,29792,scan_h_21,0.0057825281061738565,16.906840287907094
659,6.453399880038708,20,0.19380000000000042,20464,scan_h_21,0.0037999999999982492,16.910640287907093
660,6.678808081573676,21,0.399,16837,scan_h_21,0.2254082015349681,17.13604848944206
661,7.158589023294544,22,0.015200000000000102,30137,scan_h_21,0.47978094172086827,17.61582943116293
662,7.163999880038711,23,0.05699999999999994,18890,scan_h_21,0.005410856744166637,17.621240287907096
663,7.467999880038709,24,0.09120000000000017,14913,scan_h_21,0.3039999999999985,17.925240287907094
664,7.479399880038711,25,0.018999999999999684,20487,scan_h_21,0.011400000000001853,17.936640287907096
665,7.4907998800387094,26,0.011400000000000077,25013,scan_h_21,0.0113999999999983,17.948040287907094
666,7.559275364314244,27,0.06840000000000002,20170,scan_h_21,0.06847548427553463,18.01651577218263
667,7.5593918466086,28,0.015200000000000102,29170,scan_h_21,0.00011648229435579083,18.016632254476985
668,7.801392110364388,29,0.3153999999999999,22245,scan_h_21,0.24200026375578787,18.258632518232773
669,11.413065204411351,30,0.1900000000000004,22490,scan_h_21,3.6116730940469637,21.870305612279736
670,14.048722903063217,31,0.1177999999999999,27088,scan_h_21,2.6356576986518654,24.5059633109316
671,14.155500804091067,32,0.019000000000000128,16000,scan_h_21,0.10677790102785067,24.612741211959452
672,14.185843047016762,33,0.03799999999999981,10306,scan_h_21,0.030342242925694762,24.643083454885147
673,15.713999880038708,34,0.08360000000000012,28238,scan_h_21,1.5281568330219457,26.171240287907093
674,17.66259268236132,35,0.015200000000000102,13748,scan_h_21,1.9485928023226116,28.119833090229704
675,17.857199880038706,36,0.07600000000000007,29228,scan_h_21,0.19460719767738865,28.314440287907093
676,18.331302039341928,37,0.09120000000000017,21973,scan_h_21,0.4741021593032215,28.788542447210315
677,18.369141967365152,38,0.09120000000000017,23951,scan_h_21,0.037839928023224445,28.82638237523354
678,18.39940275910967,39,0.10639999999999983,16751,scan_h_21,0.030260791744513682,28.856643166978053
679,18.4141121113187,40,0.4142000000000001,8088,scan_h_21,0.014709352209035131,28.871352519187088
680,18.4479538339897,41,0.1671999999999998,12516,scan_h_21,0.03384172267099572,28.905194241858084
681,19.179599880038708,42,0.0950000000000002,26507,scan_h_21,0.7316460460490113,29.636840287907095
682,26.600999880038707,43,0.17479999999999984,25147,scan_h_21,7.421399999999995,37.05824028790709
683,0.0,1,0.053200000000000136,19591,scan_h_22,0.0,8.786502638088027
684,1.0137376498190687,2,0.0950000000000002,27470,scan_h_22,1.0137376498190687,9.800240287907096
685,1.0821678657493905,3,0.06840000000000002,18708,scan_h_22,0.06843021593032184,9.868670503837418
686,1.178830599530757,4,0.007600000000000051,16271,scan_h_22,0.09666273378136658,9.965333237618784
687,1.181155204517383,5,0.0950000000000002,29696,scan_h_22,0.0023246049866259,9.96765784260541
688,1.1903954916610289,6,0.1140000000000001,12367,scan_h_22,0.009240287143645887,9.976898129749056
689,1.1917468426098914,7,0.14440000000000008,22468,scan_h_22,0.0013513509488625175,9.978249480697919
690,1.7511378461193612,8,0.3695325773865512,25483,scan_h_22,0.5593910035094698,10.537640484207389
691,2.2740844124547674,9,0.07600000000000007,29824,scan_h_22,0.5229465663354063,11.060587050542795
692,2.8567376498190686,10,0.12160000000000015,21212,scan_h_22,0.5826532373643012,11.643240287907096
693,2.8643376498190687,11,0.011400000000000077,29723,scan_h_22,0.007600000000000051,11.650840287907096
694,2.906137649819069,12,0.06840000000000002,20934,scan_h_22,0.04180000000000028,11.692640287907096
695,2.909937649819069,13,0.10260000000000002,20438,scan_h_22,0.0038000000000000256,11.696440287907096
696,4.410937649819068,14,0.10260000000000002,27972,scan_h_22,1.5009999999999994,13.197440287907096
697,4.461004556408314,15,0.12539999999999996,16442,scan_h_22,0.05006690658924562,13.247507194496341
698,4.480623117509046,16,0.1140000000000001,22019,scan_h_22,0.01961856110073157,13.267125755597073
699,4.492554613148371,17,0.05699999999999994,17807,scan_h_22,0.011931495639325718,13.279057251236399
700,6.717806235866371,18,0.13680000000000003,19114,scan_h_22,2.225251622718,15.504308873954399
701,6.753037889741648,19,0.011400000000000077,27157,scan_h_22,0.03523165387527705,15.539540527829676
702,6.776691287054335,20,0.011400000000000077,12646,scan_h_22,0.02365339731268712,15.563193925142363
703,6.7867893457327995,21,0.08360000000000012,8317,scan_h_22,0.010098058678464028,15.573291983820827
704,6.791393766254325,22,0.1482000000000001,23535,scan_h_22,0.004604420521525654,15.577896404342352
705,6.927569784175713,23,0.007600000000000051,22298,scan_h_22,0.13617601792138778,15.71407242226374
706,6.9417577937726165,24,0.045600000000000085,30927,scan_h_22,0.014188009596903584,15.728260431860644
707,7.086137649819069,25,0.10260000000000002,32258,scan_h_22,0.1443798560464522,15.872640287907096
708,9.42782398377517,26,0.09499999999999997,13506,scan_h_22,2.341686333956101,18.214326621863197
709,11.56420219942601,27,0.060799999999999965,1219,scan_h_22,2.13637821565084,20.350704837514037
710,11.569396642497683,28,0.33440000000000003,269,scan_h_22,0.005194443071673049,20.35589928058571
711,11.81621031176681,29,0.018999999999999906,29110,scan_h_22,0.24681366926912673,20.602712949854837
712,12.977525419623525,30,0.25459999999999994,29235,scan_h_22,1.1613151078567157,21.764028057711553
713,16.42273764981907,31,0.11399999999999988,26698,scan_h_22,3.445212230195544,25.209240287907097
714,16.80273764981907,32,0.060799999999999965,18947,scan_h_22,0.379999999999999,25.589240287907096
715,16.85213764981907,33,0.07600000000000007,18428,scan_h_22,0.04940000000000211,25.638640287907098
716,17.588827336329192,34,0.10260000000000002,25385,scan_h_22,0.7366896865101218,26.37532997441722
717,18.20936211237905,35,0.11020000000000008,26776,scan_h_22,0.6205347760498583,26.995864750467078
